ID,Διεύθυνση ηλεκτρονικού ταχυδρομείου,Όνομα,Συνολικοί βαθμοί,Σχόλια για το κουίζ,Ώρα δημοσίευσης βαθμού,"Prior to the COVID-19 crisis, were you able to work from home?","Βαθμοί - Prior to the COVID-19 crisis, were you able to work from home?","Σχόλια - Prior to the COVID-19 crisis, were you able to work from home?",Βαθμοί - Did you receive any security guidelines from your employer regarding working from home?,Σχόλια - Did you receive any security guidelines from your employer regarding working from home?,Βαθμοί - Please describe the main (2-3) security guidelines provided.,Σχόλια - Please describe the main (2-3) security guidelines provided.,Devices,Βαθμοί - What kind of devices are you using to connect to your corporate working environment?,Σχόλια - What kind of devices are you using to connect to your corporate working environment?,Βαθμοί - Are these devices accessed by users other than yourself?,Σχόλια - Are these devices accessed by users other than yourself?,These devices are:,Βαθμοί - These devices are:,Σχόλια - These devices are:,Βαθμοί - Are these devices managed by your organization?,Σχόλια - Are these devices managed by your organization?,Βαθμοί - Which of the following apply for the devices you currently use for your working from home employment?,Σχόλια - Which of the following apply for the devices you currently use for your working from home employment?,Access_Type,Βαθμοί - How do you obtain access to your corporate working environment?,Σχόλια - How do you obtain access to your corporate working environment?,Βαθμοί - Please describe how you obtain access to your corporate working environment.,Σχόλια - Please describe how you obtain access to your corporate working environment.,Βαθμοί - How were you informed how to use them?,Σχόλια - How were you informed how to use them?,Has your company adopted a specific collaboration solution?,Βαθμοί - Has your company adopted a specific collaboration solution?,Σχόλια - Has your company adopted a specific collaboration solution?,What abilities does it offer?,Βαθμοί - What abilities does it offer?,Σχόλια - What abilities does it offer?,"Βαθμοί - Please name any other cyber-security threats you encountered during this period, not listed above.","Σχόλια - Please name any other cyber-security threats you encountered during this period, not listed above.",Βαθμοί - To what extent do you agree with the following statements:,Σχόλια - To what extent do you agree with the following statements:,I prefer working from home than going to the office.,Βαθμοί - I prefer working from home than going to the office.,Σχόλια - I prefer working from home than going to the office.,WFH_Productive,Βαθμοί - I work more productively from home.,Σχόλια - I work more productively from home.,I collaborate with my colleagues as effectively as when we are in office.,Βαθμοί - I collaborate with my colleagues as effectively as when we are in office.,Σχόλια - I collaborate with my colleagues as effectively as when we are in office.,Emp_Satisfaction_Crisis,Βαθμοί - I am satisfied by my employer’s approach to the crisis.,Σχόλια - I am satisfied by my employer’s approach to the crisis.,Tech_Support_Satisfactory,"Βαθμοί - I have all the support i need to face any technical problems i have (eg. corporate access issues,  infrastructure failures, etc.).","Σχόλια - I have all the support i need to face any technical problems i have (eg. corporate access issues,  infrastructure failures, etc.).",Emp_Satisfied_with_Approach,Βαθμοί - I am proud to work for my organization.,Σχόλια - I am proud to work for my organization.,I have access to the things I need to do my job well.,Βαθμοί - I have access to the things I need to do my job well.,Σχόλια - I have access to the things I need to do my job well.,Age_Range,Βαθμοί - What is your age?,Σχόλια - What is your age?,What is the highest degree or level of school you have completed?,Βαθμοί - What is the highest degree or level of school you have completed?,Σχόλια - What is the highest degree or level of school you have completed?,Please select the business domain of the organization you work for.,Βαθμοί - Please select the business domain of the organization you work for.,Σχόλια - Please select the business domain of the organization you work for.,Please specify which is the business domain of the organization you work for.,Βαθμοί - Please specify which is the business domain of the organization you work for.,Σχόλια - Please specify which is the business domain of the organization you work for.,Which of the following best describes your work position?,Βαθμοί - Which of the following best describes your work position?,Σχόλια - Which of the following best describes your work position?,Comments,Βαθμοί - Comments,Σχόλια - Comments
5,anonymous,,,,,Yes,,,,,,,Laptop;,,,,,Corporate assets,,,,,,,Remote connection to your workstation (e.g. TeamViewer),,,,,,,Yes,,,File sharing;Collaborative file editing;Web conference;Real-time chatting;,,,,,,,Disagree,,,Undecided,,,Disagree,,,Agree,,,Agree,,,Agree,,,Agree,,,25-34 years old,,,Master’s degree,,,Education & Research,,,,,,Researcher,,,,,
6,anonymous,,,,,Yes,,,,,,,Laptop;,,,,,Corporate assets,,,,,,,No special provisions,,,,,,,Yes,,,File sharing;Collaborative file editing;Web conference;Real-time chatting;,,,,,,,Disagree,,,Agree,,,Agree,,,Agree,,,Undecided,,,Agree,,,Agree,,,35-44 years old,,,Doctorate degree,,,Education & Research,,,,,,Researcher,,,-,,
7,anonymous,,,,,Yes,,,,,,,Laptop;Smartphone;,,,,,Personal assets,,,,,,,No special provisions,,,,,,,No,,,,,,,,,,Agree,,,Agree,,,Agree,,,Strongly agree,,,Strongly agree,,,Strongly agree,,,Strongly agree,,,45-54 years old,,,Doctorate degree,,,Security (cyber),,,,,,Manager,,,,,
8,anonymous,,,,,Yes,,,,,,,Laptop;,,,,,Corporate assets,,,,,,,No special provisions,,,,,,,No,,,,,,,,,,Agree,,,Agree,,,Disagree,,,Agree,,,Agree,,,Undecided,,,Strongly agree,,,25-34 years old,,,Doctorate degree,,,Education & Research,,,,,,Researcher,,,,,
9,anonymous,,,,,Yes,,,,,,,Laptop;Smartphone;,,,,,Corporate assets,,,,,,,VPN access,,,,,,,Yes,,,Document management;Real-time document co-authoring;Project/Workflow/Task management;Scheduling;Real-time chatting;Teleconferencing;,,,,,,,Undecided,,,Agree,,,Agree,,,Strongly agree,,,Strongly agree,,,Agree,,,Strongly agree,,,35-44 years old,,,Doctorate degree,,,Education & Research,,,,,,IT professional,,,,,
10,anonymous,,,,,Yes,,,,,,,Laptop;,,,,,Corporate assets,,,,,,,No special provisions,,,,,,,No,,,,,,,,,,Disagree,,,Strongly disagree,,,Undecided,,,Strongly agree,,,Strongly agree,,,Strongly agree,,,Strongly agree,,,18-24 years old,,,"High school graduate, diploma or the equivalent",,,EPES (Electrical Power & Energy Systems),,,,,,Other,,,,,
11,anonymous,,,,,Yes,,,,,,,Laptop;,,,,,Personal assets,,,,,,,Direct access,,,,,,,Yes,,,Document management;Real-time document co-authoring;Project/Workflow/Task management;Scheduling;Real-time chatting;Teleconferencing;Other;,,,,,,,Agree,,,Undecided,,,Strongly agree,,,Strongly agree,,,Strongly agree,,,Strongly agree,,,Strongly agree,,,35-44 years old,,,Master’s degree,,,Education & Research,,,,,,Security professional,,,,,
12,anonymous,,,,,Yes,,,,,,,Laptop;Smartphone;,,,,,Corporate assets,,,,,,,Direct access,,,,,,,Yes,,,Project/Workflow/Task management;Teleconferencing;,,,,,,,Disagree,,,Disagree,,,Disagree,,,Agree,,,Agree,,,Agree,,,Agree,,,45-54 years old,,,Doctorate degree,,,Education & Research,,,,,,Manager,,,,,
13,anonymous,,,,,Yes,,,,,,,Laptop;Smartphone;,,,,,Corporate assets,,,,,,,Direct access,,,,,,,Yes,,,Document management;Real-time document co-authoring;Project/Workflow/Task management;Scheduling;Real-time chatting;Teleconferencing;,,,,,,,Undecided,,,Undecided,,,Disagree,,,Agree,,,Agree,,,Agree,,,Strongly agree,,,35-44 years old,,,Doctorate degree,,,Education & Research,,,,,,Manager,,,,,
14,anonymous,,,,,Yes,,,,,,,Laptop;,,,,,Personal assets,,,,,,,Direct access,,,,,,,Yes,,,Document management;Real-time document co-authoring;Project/Workflow/Task management;Scheduling;Real-time chatting;Teleconferencing;,,,,,,,Strongly agree,,,Strongly agree,,,Agree,,,Agree,,,Undecided,,,Agree,,,Strongly agree,,,18-24 years old,,,Bachelor’s degree,,,IT (Information Technology),,,,,,IT professional,,,,,
15,anonymous,,,,,Yes,,,,,,,Laptop;,,,,,Corporate assets,,,,,,,Using VPN ,,,,,,,Yes,,,Document management;Real-time document co-authoring;Teleconferencing;,,,,,,,Agree,,,Strongly agree,,,Undecided,,,Agree,,,Agree,,,Strongly agree,,,Strongly agree,,,35-44 years old,,,Doctorate degree,,,Education & Research,,,,,,Researcher,,,,,
16,anonymous,,,,,Yes,,,,,,,Laptop;,,,,,Personal assets,,,,,,,"Using 3rd party cloud solutions (e.g. G Cloud, Microsoft 365)",,,,,,,Yes,,,Document management;Real-time document co-authoring;Project/Workflow/Task management;Scheduling;Real-time chatting;Teleconferencing;,,,,,,,Disagree,,,Undecided,,,Undecided,,,Agree,,,Undecided,,,Undecided,,,Agree,,,25-34 years old,,,Master’s degree,,,IT (Information Technology),,,,,,IT professional,,,,,
17,anonymous,,,,,Yes,,,,,,,Laptop;Smartphone;,,,,,Personal assets,,,,,,,Using VPN ,,,,,,,No,,,,,,,,,,Strongly agree,,,Strongly agree,,,Agree,,,Strongly disagree,,,Agree,,,Undecided,,,Strongly agree,,,35-44 years old,,,Master’s degree,,,Education & Research,,,,,,IT professional,,,,,
18,anonymous,,,,,Yes,,,,,,,Laptop;Smartphone;,,,,,Corporate assets,,,,,,,"Using 3rd party cloud solutions (e.g. G Cloud, Microsoft 365)",,,,,,,Yes,,,Document management;Real-time document co-authoring;Project/Workflow/Task management;Scheduling;Real-time chatting;Teleconferencing;,,,,,,,Undecided,,,Undecided,,,Agree,,,Agree,,,Disagree,,,Agree,,,Agree,,,25-34 years old,,,Master’s degree,,,Education & Research,,,,,,Researcher,,,,,
19,anonymous,,,,,Yes,,,,,,,Laptop;,,,,,Personal assets,,,,,,,"Using 3rd party cloud solutions (e.g. G Cloud, Microsoft 365)",,,,,,,No,,,,,,,,,,Strongly agree,,,Strongly agree,,,Strongly agree,,,Agree,,,Agree,,,Agree,,,Strongly agree,,,25-34 years old,,,Master’s degree,,,IT (Information Technology),,,,,,IT professional,,,,,
20,anonymous,,,,,Yes,,,,,,,Laptop;,,,,,Corporate assets,,,,,,,Using VPN ,,,,,,,Yes,,,,,,,,,,Undecided,,,Agree,,,Agree,,,Strongly agree,,,Undecided,,,Strongly agree,,,Agree,,,35-44 years old,,,,,,EPES (Electrical Power & Energy Systems),,,,,,Other,,,,,
21,anonymous,,,,,Yes,,,,,,,Laptop;,,,,,Personal assets,,,,,,,"Using 3rd party cloud solutions (e.g. G Cloud, Microsoft 365)",,,,,,,Yes,,,Document management;Real-time document co-authoring;Project/Workflow/Task management;Scheduling;Real-time chatting;Teleconferencing;,,,,,,,Undecided,,,Undecided,,,Strongly agree,,,Strongly agree,,,Agree,,,Strongly agree,,,Strongly agree,,,25-34 years old,,,Master’s degree,,,Education & Research,,,,,,Researcher,,,,,
22,anonymous,,,,,No,,,,,,,Laptop;,,,,,Corporate assets,,,,,,,Using VPN ,,,,,,,No,,,,,,,,,,Strongly disagree,,,Strongly disagree,,,Strongly disagree,,,Strongly disagree,,,Disagree,,,Undecided,,,Undecided,,,35-44 years old,,,Master’s degree,,,Banking & Financial,,,,,,IT professional,,,,,
23,anonymous,,,,,Yes,,,,,,,Laptop;,,,,,Corporate assets,,,,,,,Using VPN ,,,,,,,Yes,,,Teleconferencing;,,,,,,,Undecided,,,Agree,,,Agree,,,Strongly agree,,,Agree,,,Strongly agree,,,Strongly agree,,,45-54 years old,,,Master’s degree,,,Other,,,Consulting ,,,Manager,,,,,
24,anonymous,,,,,No,,,,,,,Desktop;,,,,,Corporate assets,,,,,,,No Access,,,,,,,No,,,,,,,,,,Disagree,,,Strongly disagree,,,Strongly disagree,,,Undecided,,,Disagree,,,Undecided,,,Undecided,,,25-34 years old,,,Associate degree,,,Public Sector,,,,,,Other,,,,,
25,anonymous,,,,,Yes,,,,,,,Laptop;,,,,,Personal assets,,,,,,,"Using 3rd party cloud solutions (e.g. G Cloud, Microsoft 365)",,,,,,,Yes,,,Document management;Real-time document co-authoring;Project/Workflow/Task management;Scheduling;Real-time chatting;Teleconferencing;,,,,,,,Undecided,,,Disagree,,,Undecided,,,Strongly disagree,,,Undecided,,,Agree,,,Undecided,,,55-64 years old,,,Professional degree,,,IT (Information Technology),,,,,,Other,,,,,
26,anonymous,,,,,Yes,,,,,,,Laptop;,,,,,Personal assets,,,,,,,"Using 3rd party cloud solutions (e.g. G Cloud, Microsoft 365)",,,,,,,Yes,,,Document management;Real-time document co-authoring;Project/Workflow/Task management;Scheduling;Real-time chatting;Teleconferencing;,,,,,,,Strongly agree,,,Strongly agree,,,Strongly agree,,,Agree,,,Strongly agree,,,Undecided,,,Agree,,,18-24 years old,,,Bachelor’s degree,,,IT (Information Technology),,,,,,Researcher,,,,,
27,anonymous,,,,,No,,,,,,,Laptop;,,,,,Corporate assets,,,,,,,"Using 3rd party cloud solutions (e.g. G Cloud, Microsoft 365)",,,,,,,Yes,,,Project/Workflow/Task management;Real-time chatting;Teleconferencing;,,,,,,,Agree,,,Agree,,,Disagree,,,Agree,,,Disagree,,,Undecided,,,Agree,,,35-44 years old,,,"High school graduate, diploma or the equivalent",,,IT (Information Technology),,,,,,Manager,,,,,
28,anonymous,,,,,Yes,,,,,,,Laptop;Smartphone;,,,,,Corporate assets,,,,,,,Direct access,,,,,,,Yes,,,Real-time document co-authoring;Project/Workflow/Task management;Scheduling;Real-time chatting;Teleconferencing;,,,,,,,Undecided,,,Agree,,,Agree,,,Agree,,,Strongly agree,,,Strongly agree,,,Strongly agree,,,25-34 years old,,,Doctorate degree,,,IT (Information Technology),,,,,,Manager,,,"This is a big adjustment for many people. Your first few days of WFH may leave you irritated, uncomfortable, unmotivated, or just plain exhausted. Adding security tips to the list may just add to your fatigue right now. We understand. Take it a day at a time, a step at a time.
When working from home, find a comfortable working area where you can assume a healthy posture, minimize the distraction from others, and where your presence has the least impact on how others have to behave. Take breaks to stretch your legs, and give your eyes a rest. And if you enjoy WFH, now is the time to prove to your employer that it’s a viable option in the long run.

Stay safe, everyone! Now more than ever.",,
29,anonymous,,,,,Yes,,,,,,,Laptop;Smartphone;,,,,,Personal assets,,,,,,,Using VPN ,,,,,,,Yes,,,Teleconferencing;,,,,,,,Disagree,,,Undecided,,,Agree,,,Strongly agree,,,Strongly agree,,,Agree,,,Strongly agree,,,25-34 years old,,,Doctorate degree,,,IT (Information Technology),,,,,,Researcher,,,,,
30,anonymous,,,,,Yes,,,,,,,Laptop;,,,,,Corporate assets,,,,,,,Using VPN ,,,,,,,Yes,,,Document management;Real-time document co-authoring;Project/Workflow/Task management;Real-time chatting;Teleconferencing;,,,,,,,Disagree,,,Agree,,,Agree,,,Strongly agree,,,Strongly agree,,,Strongly agree,,,Strongly agree,,,25-34 years old,,,Master’s degree,,,Education & Research,,,,,,Researcher,,,,,
31,anonymous,,,,,Yes,,,,,,,Laptop;Tablet;Smartphone;,,,,,Personal assets,,,,,,,"Using 3rd party cloud solutions (e.g. G Cloud, Microsoft 365)",,,,,,,No,,,,,,,,,,Disagree,,,Disagree,,,Disagree,,,Undecided,,,Disagree,,,Agree,,,Agree,,,45-54 years old,,,Master’s degree,,,Other,,,Association ,,,Manager,,,,,
32,anonymous,,,,,Yes,,,,,,,Laptop;,,,,,Corporate assets,,,,,,,Other,,,,,,,Yes,,,Project/Workflow/Task management;Teleconferencing;,,,,,,,Strongly agree,,,Undecided,,,Disagree,,,Disagree,,,Strongly disagree,,,Agree,,,Undecided,,,35-44 years old,,,"High school graduate, diploma or the equivalent",,,Education & Research,,,,,,Researcher,,,,,
33,anonymous,,,,,Yes,,,,,,,Laptop;,,,,,Corporate assets,,,,,,,Using VPN ,,,,,,,Yes,,,Document management;Real-time document co-authoring;Project/Workflow/Task management;Scheduling;Real-time chatting;Teleconferencing;,,,,,,,Strongly agree,,,Strongly agree,,,Undecided,,,Strongly agree,,,Strongly agree,,,Strongly agree,,,Strongly agree,,,35-44 years old,,,Master’s degree,,,IT (Information Technology),,,,,,Manager,,,,,
34,anonymous,,,,,Yes,,,,,,,Laptop;,,,,,Corporate assets,,,,,,,Using VPN ,,,,,,,Yes,,,Document management;Real-time document co-authoring;Scheduling;Real-time chatting;Teleconferencing;,,,,,,,Strongly agree,,,Strongly agree,,,Agree,,,Agree,,,Agree,,,Agree,,,Agree,,,35-44 years old,,,Doctorate degree,,,Education & Research,,,,,,Manager,,,,,
35,anonymous,,,,,No,,,,,,,Desktop;,,,,,Personal assets,,,,,,,Using VPN ,,,,,,,No,,,,,,,,,,Agree,,,Agree,,,Agree,,,Disagree,,,Disagree,,,Agree,,,Agree,,,35-44 years old,,,Master’s degree,,,Public Sector,,,,,,Other,,,,,
36,anonymous,,,,,Yes,,,,,,,Desktop;Laptop;Smartphone;,,,,,Personal assets,,,,,,,"Using 3rd party cloud solutions (e.g. G Cloud, Microsoft 365)",,,,,,,Yes,,,Document management;Real-time document co-authoring;Project/Workflow/Task management;Real-time chatting;Teleconferencing;,,,,,,,Disagree,,,Disagree,,,Disagree,,,Agree,,,Agree,,,Strongly agree,,,Agree,,,35-44 years old,,,Master’s degree,,,Banking & Financial,,,,,,IT professional,,,,,
37,anonymous,,,,,Yes,,,,,,,Laptop;,,,,,Corporate assets,,,,,,,Using VPN ,,,,,,,Yes,,,Document management;Real-time document co-authoring;Project/Workflow/Task management;Scheduling;Real-time chatting;Teleconferencing;,,,,,,,Agree,,,Strongly agree,,,Agree,,,Strongly agree,,,Strongly agree,,,Agree,,,Agree,,,25-34 years old,,,Master’s degree,,,IT (Information Technology),,,,,,Researcher,,,,,
38,anonymous,,,,,Yes,,,,,,,Laptop;,,,,,Corporate assets,,,,,,,Using VPN ,,,,,,,Yes,,,Teleconferencing;,,,,,,,Undecided,,,Agree,,,Undecided,,,Strongly agree,,,Undecided,,,Strongly agree,,,Strongly agree,,,45-54 years old,,,Doctorate degree,,,Education & Research,,,,,,Researcher,,,,,
39,anonymous,,,,,Yes,,,,,,,Laptop;,,,,,Corporate assets,,,,,,,Using VPN ,,,,,,,Yes,,,Real-time chatting;Teleconferencing;,,,,,,,Strongly disagree,,,Strongly disagree,,,Agree,,,Strongly agree,,,Agree,,,Strongly agree,,,Strongly agree,,,25-34 years old,,,Doctorate degree,,,Education & Research,,,,,,Researcher,,,,,
40,anonymous,,,,,Yes,,,,,,,Laptop;Smartphone;,,,,,Corporate assets,,,,,,,Using VPN ,,,,,,,Yes,,,Real-time document co-authoring;Teleconferencing;,,,,,,,Agree,,,Agree,,,Undecided,,,Agree,,,Undecided,,,Agree,,,Strongly agree,,,35-44 years old,,,Doctorate degree,,,Education & Research,,,,,,Researcher,,,,,
41,anonymous,,,,,Yes,,,,,,,Laptop;,,,,,Corporate assets,,,,,,,Using VPN ,,,,,,,Yes,,,Document management;Real-time document co-authoring;Scheduling;Real-time chatting;Teleconferencing;,,,,,,,Strongly agree,,,Strongly agree,,,Strongly agree,,,Strongly agree,,,Strongly agree,,,Strongly agree,,,Strongly agree,,,45-54 years old,,,Master’s degree,,,IT (Information Technology),,,,,,Manager,,,,,
42,anonymous,,,,,Yes,,,,,,,Laptop;,,,,,Corporate assets,,,,,,,"Using 3rd party cloud solutions (e.g. G Cloud, Microsoft 365)",,,,,,,Yes,,,Document management;Real-time document co-authoring;Project/Workflow/Task management;Scheduling;Real-time chatting;Teleconferencing;,,,,,,,Strongly agree,,,Strongly agree,,,Strongly agree,,,Strongly agree,,,Strongly agree,,,Undecided,,,Agree,,,25-34 years old,,,Master’s degree,,,IT (Information Technology),,,,,,IT professional,,,,,
43,anonymous,,,,,Yes,,,,,,,Laptop;Tablet;,,,,,Corporate assets,,,,,,,"Using 3rd party cloud solutions (e.g. G Cloud, Microsoft 365)",,,,,,,Yes,,,Document management;Real-time document co-authoring;Project/Workflow/Task management;Scheduling;Real-time chatting;,,,,,,,Disagree,,,Undecided,,,Agree,,,Strongly agree,,,Strongly agree,,,Strongly agree,,,Strongly agree,,,25-34 years old,,,Master’s degree,,,IT (Information Technology),,,,,,Manager,,,,,
44,anonymous,,,,,Yes,,,,,,,Laptop;Smartphone;,,,,,Corporate assets,,,,,,,Using VPN ,,,,,,,No,,,,,,,,,,Strongly agree,,,Strongly agree,,,Strongly agree,,,Strongly agree,,,Strongly agree,,,Strongly agree,,,Strongly agree,,,35-44 years old,,,Master’s degree,,,Other,,,trade,,,Manager,,,,,
45,anonymous,,,,,Yes,,,,,,,Laptop;Smartphone;,,,,,Personal assets,,,,,,,Direct access,,,,,,,No,,,,,,,,,,Strongly agree,,,Undecided,,,Strongly agree,,,Strongly agree,,,Strongly agree,,,Strongly agree,,,Strongly agree,,,25-34 years old,,,Master’s degree,,,Other,,,Marketing and Communication,,,Manager,,,,,
46,anonymous,,,,,Yes,,,,,,,Laptop;,,,,,Personal assets,,,,,,,Direct access,,,,,,,No,,,,,,,,,,Strongly disagree,,,Strongly disagree,,,Strongly disagree,,,Disagree,,,Agree,,,Undecided,,,Agree,,,18-24 years old,,,Bachelor’s degree,,,Telecommunications,,,,,,Other,,,,,
47,anonymous,,,,,Yes,,,,,,,Laptop;,,,,,Personal assets,,,,,,,Using VPN ,,,,,,,Yes,,,Teleconferencing;,,,,,,,Agree,,,Disagree,,,Agree,,,Agree,,,Agree,,,Agree,,,Agree,,,35-44 years old,,,Doctorate degree,,,Education & Research,,,,,,Researcher,,,,,
48,anonymous,,,,,Yes,,,,,,,Laptop;Smartphone;,,,,,Corporate assets,,,,,,,Using VPN ,,,,,,,Yes,,,Document management;,,,,,,,Strongly agree,,,Agree,,,Agree,,,Agree,,,Strongly agree,,,Agree,,,Strongly agree,,,35-44 years old,,,Associate degree,,,Other,,,Retail,,,IT professional,,,,,
49,anonymous,,,,,Yes,,,,,,,Laptop;Smartphone;,,,,,Personal assets,,,,,,,Direct access,,,,,,,No,,,,,,,,,,Agree,,,Strongly agree,,,Strongly agree,,,Strongly agree,,,Strongly agree,,,Strongly agree,,,Agree,,,35-44 years old,,,Bachelor’s degree,,,Other,,,Sales,,,Other,,,,,
50,anonymous,,,,,Yes,,,,,,,Laptop;,,,,,Corporate assets,,,,,,,Using VPN ,,,,,,,No,,,,,,,,,,Agree,,,Disagree,,,Agree,,,Strongly agree,,,Agree,,,Undecided,,,Strongly agree,,,35-44 years old,,,Master’s degree,,,IT (Information Technology),,,,,,IT professional,,,"I prefer to work effectively with ALL my colleagues in the office in a few months from now, and let's sacrifice a little efficiency today",,
51,anonymous,,,,,Yes,,,,,,,Laptop;,,,,,Corporate assets,,,,,,,Using VPN ,,,,,,,Yes,,,Scheduling;Real-time chatting;Teleconferencing;,,,,,,,Undecided,,,Disagree,,,Agree,,,Agree,,,Strongly disagree,,,Agree,,,Disagree,,,25-34 years old,,,Master’s degree,,,Telecommunications,,,,,,Other,,,,,
52,anonymous,,,,,Yes,,,,,,,Desktop;,,,,,Corporate assets,,,,,,,Direct access,,,,,,,Yes,,,Document management;Real-time document co-authoring;Real-time chatting;Teleconferencing;,,,,,,,Undecided,,,Undecided,,,Agree,,,Agree,,,Undecided,,,Disagree,,,Agree,,,55-64 years old,,,Master’s degree,,,IT (Information Technology),,,,,,IT professional,,,,,
53,anonymous,,,,,Yes,,,,,,,Laptop;,,,,,Corporate assets,,,,,,,No Access,,,,,,,No,,,,,,,,,,Strongly agree,,,Undecided,,,Agree,,,Agree,,,Undecided,,,Agree,,,Undecided,,,35-44 years old,,,Master’s degree,,,EPES (Electrical Power & Energy Systems),,,,,,IT professional,,,,,
54,anonymous,,,,,Yes,,,,,,,Desktop;Laptop;,,,,,Personal assets,,,,,,,Using VPN ,,,,,,,No,,,,,,,,,,Undecided,,,Undecided,,,Disagree,,,Strongly agree,,,Strongly agree,,,Strongly agree,,,Agree,,,18-24 years old,,,Bachelor’s degree,,,IT (Information Technology),,,,,,Researcher,,,,,
55,anonymous,,,,,Yes,,,,,,,Desktop;Laptop;,,,,,Corporate assets,,,,,,,Direct access,,,,,,,No,,,,,,,,,,Undecided,,,Undecided,,,Agree,,,Agree,,,Agree,,,Undecided,,,Agree,,,18-24 years old,,,Bachelor’s degree,,,Other,,,R&D,,,Researcher,,,,,
56,anonymous,,,,,No,,,,,,,Laptop;Smartphone;,,,,,Personal assets,,,,,,,Other,,,,,,,No,,,,,,,,,,Strongly agree,,,Undecided,,,Agree,,,Disagree,,,Agree,,,Agree,,,Agree,,,35-44 years old,,,Master’s degree,,,Public Sector,,,,,,Other,,,,,
57,anonymous,,,,,Yes,,,,,,,Laptop;Smartphone;,,,,,Corporate assets,,,,,,,Using VPN ,,,,,,,Yes,,,Document management;Project/Workflow/Task management;Scheduling;Real-time chatting;,,,,,,,Agree,,,Strongly agree,,,Strongly agree,,,Undecided,,,Strongly agree,,,Undecided,,,Strongly agree,,,25-34 years old,,,Bachelor’s degree,,,IT (Information Technology),,,,,,Other,,,,,
58,anonymous,,,,,No,,,,,,,Laptop;Smartphone;,,,,,Corporate assets,,,,,,,"Using 3rd party cloud solutions (e.g. G Cloud, Microsoft 365)",,,,,,,No,,,,,,,,,,Undecided,,,Agree,,,Disagree,,,Agree,,,Agree,,,Undecided,,,Agree,,,25-34 years old,,,Master’s degree,,,Other,,,Digital Marketing and Advertising,,,Other,,,,,
59,anonymous,,,,,Yes,,,,,,,Laptop;,,,,,Corporate assets,,,,,,,Using VPN ,,,,,,,Yes,,,Teleconferencing;,,,,,,,Agree,,,Agree,,,Agree,,,Strongly agree,,,Strongly agree,,,Strongly agree,,,Strongly agree,,,45-54 years old,,,Master’s degree,,,IT (Information Technology),,,,,,IT professional,,,,,
60,anonymous,,,,,Yes,,,,,,,Laptop;,,,,,Personal assets,,,,,,,"Using 3rd party cloud solutions (e.g. G Cloud, Microsoft 365)",,,,,,,No,,,,,,,,,,Agree,,,Agree,,,Undecided,,,Disagree,,,Strongly disagree,,,Undecided,,,Strongly disagree,,,55-64 years old,,,Bachelor’s degree,,,Banking & Financial,,,,,,Other,,,,,
61,anonymous,,,,,Yes,,,,,,,Desktop;,,,,,Corporate assets,,,,,,,Using VPN ,,,,,,,No,,,,,,,,,,Agree,,,Agree,,,Strongly agree,,,Strongly agree,,,Strongly agree,,,Strongly agree,,,Strongly agree,,,45-54 years old,,,Master’s degree,,,IT (Information Technology),,,,,,IT professional,,,,,
62,anonymous,,,,,Yes,,,,,,,Laptop;,,,,,Personal assets,,,,,,,Other,,,,,,,Yes,,,Other;,,,,,,,Agree,,,Agree,,,Agree,,,Agree,,,Agree,,,Undecided,,,Strongly agree,,,75 years or older,,,Trade/technical/vocational training,,,Other,,,don't know,,,Other,,,,,
63,anonymous,,,,,Yes,,,,,,,Desktop;Laptop;Tablet;Smartphone;,,,,,Personal assets,,,,,,,Using VPN ,,,,,,,Yes,,,Document management;Real-time document co-authoring;Project/Workflow/Task management;Scheduling;Real-time chatting;Teleconferencing;,,,,,,,Disagree,,,Undecided,,,Disagree,,,Agree,,,Agree,,,Agree,,,Strongly agree,,,35-44 years old,,,Doctorate degree,,,Education & Research,,,,,,Manager,,,,,
64,anonymous,,,,,Yes,,,,,,,Desktop;,,,,,Personal assets,,,,,,,Using VPN ,,,,,,,No,,,,,,,,,,Agree,,,Agree,,,Disagree,,,Strongly agree,,,Undecided,,,Strongly agree,,,Strongly agree,,,25-34 years old,,,Master’s degree,,,Education & Research,,,,,,Researcher,,,,,
65,anonymous,,,,,Yes,,,,,,,Desktop;Laptop;,,,,,Corporate assets,,,,,,,Using VPN ,,,,,,,No,,,,,,,,,,Strongly agree,,,Strongly agree,,,Disagree,,,Strongly agree,,,Strongly agree,,,Strongly agree,,,Strongly agree,,,25-34 years old,,,Master’s degree,,,IT (Information Technology),,,,,,IT professional,,,,,
66,anonymous,,,,,No,,,,,,,Laptop;,,,,,Corporate assets,,,,,,,Using VPN ,,,,,,,No,,,,,,,,,,Strongly disagree,,,Strongly disagree,,,Undecided,,,Agree,,,Strongly agree,,,Strongly agree,,,Strongly agree,,,35-44 years old,,,Doctorate degree,,,Banking & Financial,,,,,,Other,,,,,
67,anonymous,,,,,No,,,,,,,Laptop;Smartphone;,,,,,Personal assets,,,,,,,Using VPN ,,,,,,,Yes,,,Document management;Real-time document co-authoring;Project/Workflow/Task management;Scheduling;Real-time chatting;Teleconferencing;,,,,,,,Strongly agree,,,Strongly agree,,,Strongly agree,,,Strongly agree,,,Strongly agree,,,Agree,,,Strongly agree,,,35-44 years old,,,Doctorate degree,,,Education & Research,,,,,,Other,,,,,
68,anonymous,,,,,Yes,,,,,,,Desktop;Laptop;,,,,,Corporate assets,,,,,,,Using VPN ,,,,,,,Yes,,,Real-time chatting;Teleconferencing;,,,,,,,Undecided,,,Undecided,,,Disagree,,,Undecided,,,Disagree,,,Disagree,,,Disagree,,,35-44 years old,,,Doctorate degree,,,EPES (Electrical Power & Energy Systems),,,,,,IT professional,,,,,
69,anonymous,,,,,Yes,,,,,,,Laptop;Smartphone;,,,,,Corporate assets,,,,,,,Using VPN ,,,,,,,Yes,,,Document management;Real-time document co-authoring;Real-time chatting;Teleconferencing;Other;,,,,,,,Undecided,,,Agree,,,Disagree,,,Strongly agree,,,Strongly agree,,,Strongly agree,,,Strongly agree,,,45-54 years old,,,Bachelor’s degree,,,Telecommunications,,,,,,Other,,,,,
70,anonymous,,,,,No,,,,,,,Laptop;Tablet;,,,,,Personal assets,,,,,,,Other,,,,,,,Yes,,,Real-time chatting;Teleconferencing;,,,,,,,Strongly disagree,,,Strongly disagree,,,Strongly disagree,,,Strongly disagree,,,Disagree,,,Agree,,,Disagree,,,35-44 years old,,,Bachelor’s degree,,,Health,,,,,,Other,,,,,
71,anonymous,,,,,Yes,,,,,,,Laptop;,,,,,Corporate assets,,,,,,,Using VPN ,,,,,,,Yes,,,Document management;Real-time document co-authoring;Project/Workflow/Task management;Scheduling;Real-time chatting;Teleconferencing;,,,,,,,Agree,,,Agree,,,Disagree,,,Agree,,,Disagree,,,Agree,,,Agree,,,35-44 years old,,,Doctorate degree,,,IT (Information Technology),,,,,,IT professional,,,,,
72,anonymous,,,,,No,,,,,,,Laptop;,,,,,Corporate assets,,,,,,,Using VPN ,,,,,,,No,,,,,,,,,,Strongly disagree,,,Strongly disagree,,,Strongly disagree,,,Disagree,,,Disagree,,,Agree,,,Agree,,,25-34 years old,,,Master’s degree,,,Transport,,,,,,Other,,,,,
73,anonymous,,,,,Yes,,,,,,,Laptop;,,,,,Corporate assets,,,,,,,Using VPN ,,,,,,,No,,,,,,,,,,Agree,,,Undecided,,,Agree,,,Agree,,,Undecided,,,Agree,,,Agree,,,25-34 years old,,,Master’s degree,,,IT (Information Technology),,,,,,IT professional,,,,,
74,anonymous,,,,,Yes,,,,,,,Laptop;,,,,,Corporate assets,,,,,,,Using VPN ,,,,,,,No,,,,,,,,,,Strongly agree,,,Agree,,,Agree,,,Strongly disagree,,,Strongly agree,,,Strongly disagree,,,Strongly agree,,,35-44 years old,,,Master’s degree,,,IT (Information Technology),,,,,,IT professional,,,,,
75,anonymous,,,,,Yes,,,,,,,Laptop;,,,,,Corporate assets,,,,,,,Using VPN ,,,,,,,Yes,,,Scheduling;Real-time chatting;Teleconferencing;Other;,,,,,,,Agree,,,Agree,,,Agree,,,Agree,,,Agree,,,Agree,,,Agree,,,35-44 years old,,,Master’s degree,,,IT (Information Technology),,,,,,IT professional,,,,,
76,anonymous,,,,,Yes,,,,,,,Laptop;,,,,,Corporate assets,,,,,,,Using VPN ,,,,,,,Yes,,,Document management;Real-time document co-authoring;Project/Workflow/Task management;Scheduling;Real-time chatting;Teleconferencing;,,,,,,,Agree,,,Agree,,,Undecided,,,Agree,,,Agree,,,Undecided,,,Strongly agree,,,35-44 years old,,,Master’s degree,,,IT (Information Technology),,,,,,IT professional,,,,,
77,anonymous,,,,,Yes,,,,,,,Laptop;Smartphone;,,,,,Corporate assets,,,,,,,Using VPN ,,,,,,,Yes,,,Document management;Real-time document co-authoring;Real-time chatting;Teleconferencing;,,,,,,,Disagree,,,Agree,,,Disagree,,,Agree,,,Strongly agree,,,Strongly agree,,,Strongly agree,,,35-44 years old,,,Master’s degree,,,IT (Information Technology),,,,,,IT professional,,,,,
78,anonymous,,,,,Yes,,,,,,,Desktop;Laptop;,,,,,Corporate assets,,,,,,,Using VPN ,,,,,,,Yes,,,Document management;Real-time document co-authoring;Teleconferencing;,,,,,,,Undecided,,,Agree,,,Disagree,,,Strongly agree,,,Agree,,,Agree,,,Agree,,,35-44 years old,,,Master’s degree,,,Telecommunications,,,,,,IT professional,,,,,
79,anonymous,,,,,No,,,,,,,Laptop;Smartphone;,,,,,Corporate assets,,,,,,,"Using 3rd party cloud solutions (e.g. G Cloud, Microsoft 365)",,,,,,,Yes,,,Document management;Real-time document co-authoring;Real-time chatting;Teleconferencing;,,,,,,,Agree,,,Agree,,,Agree,,,Agree,,,Agree,,,Agree,,,Agree,,,25-34 years old,,,Master’s degree,,,EPES (Electrical Power & Energy Systems),,,,,,Other,,,,,
80,anonymous,,,,,Yes,,,,,,,Laptop;Smartphone;,,,,,Corporate assets,,,,,,,Using VPN ,,,,,,,No,,,,,,,,,,Disagree,,,Undecided,,,Undecided,,,Strongly agree,,,Strongly agree,,,Strongly agree,,,Strongly agree,,,35-44 years old,,,Master’s degree,,,Telecommunications,,,,,,Other,,,,,
81,anonymous,,,,,Yes,,,,,,,Laptop;,,,,,Corporate assets,,,,,,,Direct access,,,,,,,Yes,,,Project/Workflow/Task management;Scheduling;Teleconferencing;,,,,,,,Undecided,,,Undecided,,,Agree,,,Strongly agree,,,Agree,,,Strongly agree,,,Agree,,,35-44 years old,,,Master’s degree,,,EPES (Electrical Power & Energy Systems),,,,,,Other,,,,,
82,anonymous,,,,,Yes,,,,,,,Laptop;,,,,,Corporate assets,,,,,,,Direct access,,,,,,,Yes,,,Document management;,,,,,,,Agree,,,Agree,,,Disagree,,,Undecided,,,Undecided,,,Undecided,,,Agree,,,18-24 years old,,,"High school graduate, diploma or the equivalent",,,Other,,,Tourism,,,Other,,,,,
83,anonymous,,,,,Yes,,,,,,,Laptop;,,,,,Corporate assets,,,,,,,Using VPN ,,,,,,,Yes,,,Scheduling;Real-time chatting;,,,,,,,Undecided,,,Undecided,,,Disagree,,,Disagree,,,Undecided,,,Agree,,,Disagree,,,35-44 years old,,,Doctorate degree,,,IT (Information Technology),,,,,,Security professional,,,,,
84,anonymous,,,,,Yes,,,,,,,Desktop;Laptop;Tablet;Smartphone;,,,,,Personal assets,,,,,,,Direct access,,,,,,,Yes,,,Scheduling;Real-time chatting;Teleconferencing;,,,,,,,Strongly disagree,,,Strongly disagree,,,Strongly agree,,,Strongly agree,,,Strongly agree,,,Strongly agree,,,Strongly agree,,,25-34 years old,,,Master’s degree,,,IT (Information Technology),,,,,,Manager,,,,,
85,anonymous,,,,,No,,,,,,,Laptop;,,,,,Corporate assets,,,,,,,Using VPN ,,,,,,,Yes,,,Other;,,,,,,,Undecided,,,Disagree,,,Agree,,,Strongly agree,,,Agree,,,Agree,,,Strongly agree,,,35-44 years old,,,Master’s degree,,,Banking & Financial,,,,,,Manager,,,,,
86,anonymous,,,,,Yes,,,,,,,Desktop;Laptop;,,,,,Personal assets,,,,,,,Using VPN ,,,,,,,Yes,,,,,,,,,,Agree,,,Strongly agree,,,Strongly agree,,,Agree,,,Agree,,,Agree,,,Agree,,,,,,,,,IT (Information Technology),,,,,,IT professional,,,,,
87,anonymous,,,,,No,,,,,,,Laptop;,,,,,Corporate assets,,,,,,,Using VPN ,,,,,,,Yes,,,Other;,,,,,,,Undecided,,,Disagree,,,Agree,,,Strongly agree,,,Agree,,,Agree,,,Agree,,,35-44 years old,,,Master’s degree,,,Banking & Financial,,,,,,Manager,,,,,
88,anonymous,,,,,Yes,,,,,,,Laptop;,,,,,Personal assets,,,,,,,Using VPN ,,,,,,,Yes,,,Document management;Real-time document co-authoring;Project/Workflow/Task management;Scheduling;Real-time chatting;Teleconferencing;,,,,,,,Undecided,,,Disagree,,,Disagree,,,Undecided,,,Agree,,,Undecided,,,Agree,,,35-44 years old,,,Doctorate degree,,,EPES (Electrical Power & Energy Systems),,,,,,IT professional,,,None,,
89,anonymous,,,,,Yes,,,,,,,Desktop;Laptop;Tablet;Smartphone;Other;,,,,,Personal assets,,,,,,,Using VPN ,,,,,,,Yes,,,Teleconferencing;,,,,,,,Strongly disagree,,,Disagree,,,Disagree,,,Strongly disagree,,,Strongly disagree,,,Strongly agree,,,Agree,,,35-44 years old,,,Doctorate degree,,,Public Sector,,,,,,Manager,,,,,
90,anonymous,,,,,No,,,,,,,Laptop;,,,,,Personal assets,,,,,,,Using VPN ,,,,,,,Yes,,,Project/Workflow/Task management;Scheduling;Teleconferencing;,,,,,,,Undecided,,,Disagree,,,Disagree,,,Agree,,,Agree,,,Agree,,,Agree,,,35-44 years old,,,Master’s degree,,,Public Sector,,,,,,Other,,,,,
91,anonymous,,,,,Yes,,,,,,,Laptop;,,,,,Personal assets,,,,,,,Direct access,,,,,,,Yes,,,Scheduling;Real-time chatting;Teleconferencing;,,,,,,,Strongly agree,,,Strongly agree,,,Strongly agree,,,Strongly agree,,,Agree,,,Strongly agree,,,Strongly agree,,,25-34 years old,,,Doctorate degree,,,Education & Research,,,,,,Researcher,,,,,
92,anonymous,,,,,Yes,,,,,,,Laptop;,,,,,Corporate assets,,,,,,,Direct access,,,,,,,No,,,,,,,,,,Disagree,,,Disagree,,,Disagree,,,Agree,,,Agree,,,Agree,,,Agree,,,25-34 years old,,,Bachelor’s degree,,,IT (Information Technology),,,,,,Other,,,,,
93,anonymous,,,,,Yes,,,,,,,Laptop;,,,,,Personal assets,,,,,,,Using VPN ,,,,,,,Yes,,,Document management;Real-time document co-authoring;Project/Workflow/Task management;Scheduling;Real-time chatting;Teleconferencing;,,,,,,,Undecided,,,Undecided,,,Strongly agree,,,Strongly agree,,,Strongly agree,,,Strongly agree,,,Strongly agree,,,25-34 years old,,,Master’s degree,,,Other,,,E-commerce,,,Other,,,,,
94,anonymous,,,,,Yes,,,,,,,Laptop;Smartphone;,,,,,Corporate assets,,,,,,,Using VPN ,,,,,,,No,,,,,,,,,,Agree,,,Disagree,,,Disagree,,,Undecided,,,Disagree,,,Agree,,,Agree,,,35-44 years old,,,Doctorate degree,,,Education & Research,,,,,,Researcher,,,,,
95,anonymous,,,,,Yes,,,,,,,Desktop;,,,,,Corporate assets,,,,,,,Using VPN ,,,,,,,Yes,,,Document management;Real-time document co-authoring;Project/Workflow/Task management;Scheduling;Real-time chatting;Teleconferencing;,,,,,,,Undecided,,,Strongly agree,,,Agree,,,Strongly agree,,,Strongly agree,,,Strongly agree,,,Strongly agree,,,25-34 years old,,,Master’s degree,,,Other,,,e-commerse,,,Other,,,,,
96,anonymous,,,,,Yes,,,,,,,Laptop;,,,,,Corporate assets,,,,,,,Using VPN ,,,,,,,Yes,,,Real-time chatting;Teleconferencing;,,,,,,,Undecided,,,Disagree,,,Disagree,,,Agree,,,Agree,,,Agree,,,Agree,,,25-34 years old,,,Bachelor’s degree,,,IT (Information Technology),,,,,,IT professional,,,,,
97,anonymous,,,,,Yes,,,,,,,Laptop;,,,,,Corporate assets,,,,,,,Using VPN ,,,,,,,Yes,,,Document management;Real-time document co-authoring;Project/Workflow/Task management;Scheduling;Real-time chatting;Teleconferencing;,,,,,,,Undecided,,,Undecided,,,Agree,,,Strongly agree,,,Agree,,,Agree,,,Agree,,,25-34 years old,,,Master’s degree,,,Other,,,e-commerce,,,Other,,,"I think question 9 ""How do you obtain access to your corporate working environment?"", should be multiple choice, since I use both VPN and a cloud service to connect to various services.
",,
98,anonymous,,,,,Yes,,,,,,,Laptop;,,,,,Corporate assets,,,,,,,Using VPN ,,,,,,,Yes,,,Document management;Project/Workflow/Task management;Real-time chatting;,,,,,,,Undecided,,,Undecided,,,Agree,,,Strongly agree,,,Strongly agree,,,Strongly agree,,,Strongly agree,,,25-34 years old,,,Bachelor’s degree,,,IT (Information Technology),,,,,,Other,,,,,
99,anonymous,,,,,Yes,,,,,,,Laptop;,,,,,Corporate assets,,,,,,,Using VPN ,,,,,,,Yes,,,Document management;Project/Workflow/Task management;Scheduling;Real-time chatting;Teleconferencing;,,,,,,,Undecided,,,Agree,,,Agree,,,Strongly agree,,,Strongly agree,,,Strongly agree,,,Strongly agree,,,25-34 years old,,,Master’s degree,,,Other,,,E-commerce,,,Manager,,,,,
100,anonymous,,,,,Yes,,,,,,,Desktop;Laptop;,,,,,Corporate assets,,,,,,,Using VPN ,,,,,,,No,,,,,,,,,,Disagree,,,Disagree,,,Undecided,,,Strongly agree,,,Strongly agree,,,Strongly agree,,,Strongly agree,,,35-44 years old,,,Doctorate degree,,,Other,,,Ecommerce,,,Other,,,,,
101,anonymous,,,,,Yes,,,,,,,Laptop;,,,,,Corporate assets,,,,,,,Using VPN ,,,,,,,Yes,,,Document management;Real-time document co-authoring;Project/Workflow/Task management;Scheduling;Real-time chatting;Teleconferencing;,,,,,,,Strongly agree,,,Strongly agree,,,Agree,,,Strongly agree,,,Strongly agree,,,Undecided,,,Strongly agree,,,25-34 years old,,,Master’s degree,,,Other,,,E-commerce,,,Other,,,,,
102,anonymous,,,,,Yes,,,,,,,Laptop;,,,,,Corporate assets,,,,,,,Using VPN ,,,,,,,Yes,,,Document management;Real-time document co-authoring;Project/Workflow/Task management;Scheduling;Real-time chatting;Teleconferencing;,,,,,,,Disagree,,,Disagree,,,Undecided,,,Strongly agree,,,Agree,,,Agree,,,Strongly agree,,,25-34 years old,,,Master’s degree,,,IT (Information Technology),,,,,,IT professional,,,,,
103,anonymous,,,,,Yes,,,,,,,Laptop;,,,,,Corporate assets,,,,,,,Using VPN ,,,,,,,Yes,,,Document management;Real-time document co-authoring;Project/Workflow/Task management;Scheduling;Real-time chatting;Teleconferencing;,,,,,,,Undecided,,,Undecided,,,Agree,,,Strongly agree,,,Strongly agree,,,Strongly agree,,,Strongly agree,,,25-34 years old,,,Bachelor’s degree,,,IT (Information Technology),,,,,,IT professional,,,,,
104,anonymous,,,,,Yes,,,,,,,Laptop;,,,,,Corporate assets,,,,,,,Using VPN ,,,,,,,Yes,,,Document management;Real-time document co-authoring;Real-time chatting;Teleconferencing;,,,,,,,Undecided,,,Agree,,,Agree,,,Strongly agree,,,Agree,,,Strongly agree,,,Strongly agree,,,35-44 years old,,,Master’s degree,,,IT (Information Technology),,,,,,IT professional,,,,,
105,anonymous,,,,,Yes,,,,,,,Laptop;,,,,,Corporate assets,,,,,,,Using VPN ,,,,,,,Yes,,,Document management;Real-time document co-authoring;Project/Workflow/Task management;Scheduling;Real-time chatting;Teleconferencing;,,,,,,,Undecided,,,Undecided,,,Strongly agree,,,Strongly agree,,,Strongly agree,,,Strongly agree,,,Strongly agree,,,35-44 years old,,,Master’s degree,,,IT (Information Technology),,,,,,Manager,,,,,
106,anonymous,,,,,Yes,,,,,,,Laptop;,,,,,Corporate assets,,,,,,,Using VPN ,,,,,,,No,,,,,,,,,,Agree,,,Strongly agree,,,Agree,,,Agree,,,Agree,,,Strongly agree,,,Strongly agree,,,35-44 years old,,,Bachelor’s degree,,,IT (Information Technology),,,,,,Manager,,,,,
107,anonymous,,,,,Yes,,,,,,,Laptop;,,,,,Corporate assets,,,,,,,Using VPN ,,,,,,,No,,,,,,,,,,Agree,,,Strongly agree,,,Strongly agree,,,Strongly agree,,,Agree,,,Agree,,,Strongly agree,,,25-34 years old,,,"High school graduate, diploma or the equivalent",,,Other,,,Ecommerce,,,IT professional,,,,,
108,anonymous,,,,,No,,,,,,,Laptop;,,,,,Personal assets,,,,,,,Using VPN ,,,,,,,Yes,,,Teleconferencing;,,,,,,,Agree,,,Agree,,,Undecided,,,Strongly agree,,,Agree,,,Strongly agree,,,Strongly agree,,,35-44 years old,,,Doctorate degree,,,Banking & Financial,,,,,,IT professional,,,,,
109,anonymous,,,,,Yes,,,,,,,Laptop;,,,,,Corporate assets,,,,,,,Using VPN ,,,,,,,No,,,,,,,,,,Disagree,,,Agree,,,Disagree,,,Strongly agree,,,Strongly agree,,,Strongly agree,,,Strongly agree,,,35-44 years old,,,Trade/technical/vocational training,,,Other,,,Price comparison,,,Manager,,,,,
110,anonymous,,,,,Yes,,,,,,,Laptop;,,,,,Corporate assets,,,,,,,Using VPN ,,,,,,,Yes,,,Scheduling;Real-time chatting;Teleconferencing;,,,,,,,Disagree,,,Disagree,,,Disagree,,,Agree,,,Agree,,,Agree,,,Agree,,,25-34 years old,,,Master’s degree,,,Other,,,E-commerce,,,Other,,,,,
111,anonymous,,,,,Yes,,,,,,,Laptop;,,,,,Corporate assets,,,,,,,Using VPN ,,,,,,,Yes,,,Document management;Real-time document co-authoring;Project/Workflow/Task management;Scheduling;Real-time chatting;Teleconferencing;,,,,,,,Strongly agree,,,Agree,,,Strongly agree,,,Strongly agree,,,Strongly agree,,,Agree,,,Strongly agree,,,25-34 years old,,,Bachelor’s degree,,,Telecommunications,,,,,,IT professional,,,,,
112,anonymous,,,,,Yes,,,,,,,Laptop;,,,,,Corporate assets,,,,,,,Using VPN ,,,,,,,No,,,,,,,,,,Undecided,,,Disagree,,,Undecided,,,Agree,,,Agree,,,Strongly agree,,,Agree,,,25-34 years old,,,Master’s degree,,,IT (Information Technology),,,,,,Other,,,,,
113,anonymous,,,,,Yes,,,,,,,Desktop;Laptop;,,,,,Corporate assets,,,,,,,Using VPN ,,,,,,,Yes,,,Document management;Real-time document co-authoring;Project/Workflow/Task management;Real-time chatting;Teleconferencing;,,,,,,,Disagree,,,Disagree,,,Disagree,,,Agree,,,Agree,,,Agree,,,Agree,,,35-44 years old,,,Bachelor’s degree,,,Education & Research,,,,,,Other,,,,,
114,anonymous,,,,,Yes,,,,,,,Laptop;Tablet;Smartphone;,,,,,Corporate assets,,,,,,,Using VPN ,,,,,,,No,,,,,,,,,,Strongly agree,,,Strongly agree,,,Strongly agree,,,Undecided,,,Agree,,,Agree,,,Strongly agree,,,45-54 years old,,,Doctorate degree,,,Education & Research,,,,,,Researcher,,,,,
115,anonymous,,,,,Yes,,,,,,,Laptop;,,,,,Personal assets,,,,,,,"Using 3rd party cloud solutions (e.g. G Cloud, Microsoft 365)",,,,,,,Yes,,,Document management;Real-time document co-authoring;Project/Workflow/Task management;Scheduling;Real-time chatting;Teleconferencing;,,,,,,,Disagree,,,Disagree,,,Agree,,,Strongly agree,,,Strongly agree,,,Strongly agree,,,Strongly agree,,,35-44 years old,,,Doctorate degree,,,Education & Research,,,,,,Manager,,,I have been smart working for extensive periods of time also in the past.,,
116,anonymous,,,,,Yes,,,,,,,Laptop;,,,,,Corporate assets,,,,,,,Using VPN ,,,,,,,No,,,,,,,,,,Agree,,,Strongly agree,,,Agree,,,Agree,,,Agree,,,Agree,,,Agree,,,25-34 years old,,,Master’s degree,,,IT (Information Technology),,,,,,Manager,,,,,
117,anonymous,,,,,Yes,,,,,,,Laptop;,,,,,Corporate assets,,,,,,,"Using 3rd party cloud solutions (e.g. G Cloud, Microsoft 365)",,,,,,,Yes,,,Document management;Teleconferencing;,,,,,,,Strongly agree,,,Strongly agree,,,Strongly agree,,,Disagree,,,Strongly agree,,,Strongly agree,,,Strongly agree,,,35-44 years old,,,Bachelor’s degree,,,Other,,,Marketing,,,Other,,,,,
118,anonymous,,,,,Yes,,,,,,,Laptop;Smartphone;,,,,,Personal assets,,,,,,,Direct access,,,,,,,No,,,,,,,,,,Strongly agree,,,Agree,,,Agree,,,Agree,,,Agree,,,Agree,,,Agree,,,25-34 years old,,,Bachelor’s degree,,,IT (Information Technology),,,,,,Other,,,,,
119,anonymous,,,,,No,,,,,,,Laptop;,,,,,Corporate assets,,,,,,,Using VPN ,,,,,,,No,,,,,,,,,,Undecided,,,Disagree,,,Disagree,,,Agree,,,Agree,,,Agree,,,Agree,,,35-44 years old,,,Bachelor’s degree,,,IT (Information Technology),,,,,,Manager,,,,,
120,anonymous,,,,,No,,,,,,,Laptop;Smartphone;,,,,,Corporate assets,,,,,,,Using VPN ,,,,,,,Yes,,,Project/Workflow/Task management;Scheduling;Real-time chatting;,,,,,,,Undecided,,,Undecided,,,Agree,,,Undecided,,,Undecided,,,Strongly agree,,,Strongly agree,,,35-44 years old,,,Trade/technical/vocational training,,,IT (Information Technology),,,,,,Manager,,,,,
121,anonymous,,,,,Yes,,,,,,,Laptop;,,,,,Corporate assets,,,,,,,Using VPN ,,,,,,,Yes,,,Document management;Real-time document co-authoring;Project/Workflow/Task management;Scheduling;Real-time chatting;Teleconferencing;,,,,,,,Agree,,,Agree,,,Disagree,,,Agree,,,Agree,,,Undecided,,,Agree,,,25-34 years old,,,Bachelor’s degree,,,IT (Information Technology),,,,,,Manager,,,,,
122,anonymous,,,,,No,,,,,,,Laptop;,,,,,Personal assets,,,,,,,Using VPN ,,,,,,,Yes,,,Document management;Real-time chatting;Teleconferencing;,,,,,,,Strongly agree,,,Agree,,,Agree,,,Strongly agree,,,Strongly agree,,,Strongly agree,,,Strongly agree,,,25-34 years old,,,Master’s degree,,,Other,,,Shipping company ,,,Other,,,,,
123,anonymous,,,,,Yes,,,,,,,Laptop;,,,,,Corporate assets,,,,,,,Direct access,,,,,,,Yes,,,Document management;Project/Workflow/Task management;Scheduling;Teleconferencing;,,,,,,,Disagree,,,Undecided,,,Agree,,,Agree,,,Disagree,,,Undecided,,,Undecided,,,35-44 years old,,,Bachelor’s degree,,,Other,,,Real project ,,,Manager,,,Think positive and always happy,,
124,anonymous,,,,,Yes,,,,,,,Laptop;Smartphone;,,,,,Personal assets,,,,,,,Direct access,,,,,,,No,,,,,,,,,,Disagree,,,Disagree,,,Disagree,,,Agree,,,Undecided,,,Agree,,,Disagree,,,25-34 years old,,,Bachelor’s degree,,,Other,,,Logistics & trading,,,Other,,,,,
125,anonymous,,,,,No,,,,,,,Laptop;,,,,,Corporate assets,,,,,,,Direct access,,,,,,,Yes,,,Real-time chatting;,,,,,,,Strongly agree,,,Agree,,,Undecided,,,Undecided,,,Disagree,,,Agree,,,Agree,,,35-44 years old,,,Master’s degree,,,Public Sector,,,,,,Other,,,,,
126,anonymous,,,,,Yes,,,,,,,Desktop;Laptop;,,,,,Personal assets,,,,,,,Using VPN ,,,,,,,Yes,,,Project/Workflow/Task management;Real-time chatting;Teleconferencing;,,,,,,,Undecided,,,Strongly disagree,,,Agree,,,Strongly agree,,,Strongly agree,,,Agree,,,Agree,,,35-44 years old,,,Master’s degree,,,Education & Research,,,,,,Researcher,,,,,
127,anonymous,,,,,Yes,,,,,,,Laptop;Tablet;,,,,,Personal assets,,,,,,,Using VPN ,,,,,,,Yes,,,Document management;Real-time chatting;Teleconferencing;,,,,,,,Agree,,,Undecided,,,Agree,,,Strongly agree,,,Agree,,,Agree,,,Agree,,,45-54 years old,,,Bachelor’s degree,,,IT (Information Technology),,,,,,IT professional,,,,,
128,anonymous,,,,,Yes,,,,,,,Laptop;,,,,,Personal assets,,,,,,,Using VPN ,,,,,,,No,,,,,,,,,,Agree,,,Undecided,,,Disagree,,,Strongly agree,,,Strongly agree,,,Agree,,,Strongly agree,,,35-44 years old,,,Master’s degree,,,Education & Research,,,,,,Other,,,,,
129,anonymous,,,,,Yes,,,,,,,Laptop;Smartphone;,,,,,Personal assets,,,,,,,Using VPN ,,,,,,,Yes,,,Document management;Real-time document co-authoring;Real-time chatting;Teleconferencing;,,,,,,,Strongly agree,,,Strongly agree,,,Agree,,,Undecided,,,Agree,,,Agree,,,Agree,,,25-34 years old,,,Master’s degree,,,Public Sector,,,,,,Other,,,,,
130,anonymous,,,,,No,,,,,,,Laptop;,,,,,Corporate assets,,,,,,,Using VPN ,,,,,,,Yes,,,Document management;Real-time chatting;Teleconferencing;,,,,,,,Undecided,,,Strongly agree,,,Agree,,,Agree,,,Agree,,,Strongly agree,,,Strongly agree,,,35-44 years old,,,Master’s degree,,,Other,,,Administrative employee,,,Other,,,,,
131,anonymous,,,,,Yes,,,,,,,Laptop;,,,,,Personal assets,,,,,,,Using VPN ,,,,,,,No,,,,,,,,,,Disagree,,,Disagree,,,Agree,,,Disagree,,,Agree,,,Agree,,,Agree,,,25-34 years old,,,Master’s degree,,,Education & Research,,,,,,Other,,,,,
132,anonymous,,,,,Yes,,,,,,,Laptop;,,,,,Corporate assets,,,,,,,Using VPN ,,,,,,,No,,,,,,,,,,Agree,,,Agree,,,Agree,,,Strongly agree,,,Strongly agree,,,Strongly agree,,,Strongly agree,,,35-44 years old,,,Bachelor’s degree,,,IT (Information Technology),,,,,,IT professional,,,,,
133,anonymous,,,,,No,,,,,,,Desktop;,,,,,Corporate assets,,,,,,,Using VPN ,,,,,,,Yes,,,Document management;Real-time document co-authoring;Scheduling;Real-time chatting;Teleconferencing;,,,,,,,Agree,,,Undecided,,,Undecided,,,Strongly agree,,,Agree,,,Agree,,,Strongly agree,,,25-34 years old,,,Bachelor’s degree,,,Other,,,Ecommerce services,,,Manager,,,,,
134,anonymous,,,,,Yes,,,,,,,Desktop;,,,,,Personal assets,,,,,,,Using VPN ,,,,,,,Yes,,,Real-time chatting;Teleconferencing;,,,,,,,Strongly disagree,,,Strongly disagree,,,Disagree,,,Agree,,,Agree,,,Undecided,,,Agree,,,45-54 years old,,,"Some college credit, no degree",,,EPES (Electrical Power & Energy Systems),,,,,,Other,,,,,
135,anonymous,,,,,Yes,,,,,,,Laptop;,,,,,Corporate assets,,,,,,,Using VPN ,,,,,,,Yes,,,Teleconferencing;,,,,,,,Agree,,,Agree,,,Undecided,,,Agree,,,Undecided,,,Agree,,,Agree,,,35-44 years old,,,Master’s degree,,,EPES (Electrical Power & Energy Systems),,,,,,Other,,,,,
136,anonymous,,,,,No,,,,,,,Laptop;,,,,,Corporate assets,,,,,,,Using VPN ,,,,,,,Yes,,,Real-time document co-authoring;Project/Workflow/Task management;Scheduling;Real-time chatting;Teleconferencing;,,,,,,,Undecided,,,Agree,,,Undecided,,,Strongly agree,,,Strongly agree,,,Strongly agree,,,Agree,,,25-34 years old,,,Master’s degree,,,IT (Information Technology),,,,,,Other,,,,,
137,anonymous,,,,,Yes,,,,,,,Desktop;,,,,,Corporate assets,,,,,,,Using VPN ,,,,,,,Yes,,,Document management;Real-time document co-authoring;Scheduling;Real-time chatting;Teleconferencing;,,,,,,,Strongly agree,,,Strongly agree,,,Strongly agree,,,Strongly agree,,,Agree,,,Strongly agree,,,Strongly agree,,,35-44 years old,,,Master’s degree,,,Telecommunications,,,,,,IT professional,,,,,
138,anonymous,,,,,Yes,,,,,,,Desktop;,,,,,Corporate assets,,,,,,,Using VPN ,,,,,,,Yes,,,Real-time chatting;Teleconferencing;,,,,,,,Agree,,,Agree,,,Agree,,,Strongly agree,,,Strongly agree,,,Strongly agree,,,Strongly agree,,,25-34 years old,,,Master’s degree,,,Other,,,e-commerce,,,Other,,,,,
139,anonymous,,,,,Yes,,,,,,,Laptop;,,,,,Corporate assets,,,,,,,Using VPN ,,,,,,,No,,,,,,,,,,Undecided,,,Undecided,,,Disagree,,,Agree,,,Agree,,,Agree,,,Agree,,,45-54 years old,,,"Some college credit, no degree",,,IT (Information Technology),,,,,,IT professional,,,,,
140,anonymous,,,,,No,,,,,,,Desktop;Smartphone;,,,,,Personal assets,,,,,,,"Using 3rd party cloud solutions (e.g. G Cloud, Microsoft 365)",,,,,,,No,,,,,,,,,,Agree,,,Undecided,,,Agree,,,Agree,,,Disagree,,,Agree,,,Agree,,,35-44 years old,,,Master’s degree,,,IT (Information Technology),,,,,,Researcher,,,,,
141,anonymous,,,,,No,,,,,,,Laptop;Smartphone;,,,,,Corporate assets,,,,,,,Using VPN ,,,,,,,Yes,,,Project/Workflow/Task management;Real-time chatting;Teleconferencing;,,,,,,,Disagree,,,Disagree,,,Disagree,,,Agree,,,Agree,,,Undecided,,,Agree,,,35-44 years old,,,Bachelor’s degree,,,IT (Information Technology),,,,,,Other,,,"People tend to adjust to any difficult situation. 
If coherent / sustainable work from home decision will be taken, we would need to change our perspective on life and world. Maybe consider buying a home out of the crowded city (with a dedicated office space) instead o sating in a small space in the city to reach office in less than one hour :)
I hope this will change our attitude towards what time means.  (3 hours on the road from home to work and back) is not personal / free / healthy time ",,
142,anonymous,,,,,Yes,,,,,,,Laptop;,,,,,Corporate assets,,,,,,,"Using 3rd party cloud solutions (e.g. G Cloud, Microsoft 365)",,,,,,,No,,,,,,,,,,Agree,,,Strongly agree,,,Undecided,,,Agree,,,Agree,,,Strongly agree,,,Strongly agree,,,25-34 years old,,,Master’s degree,,,Telecommunications,,,,,,Manager,,,,,
143,anonymous,,,,,Yes,,,,,,,Laptop;,,,,,Corporate assets,,,,,,,Using VPN ,,,,,,,Yes,,,Document management;Real-time document co-authoring;Project/Workflow/Task management;Scheduling;Real-time chatting;Teleconferencing;,,,,,,,Undecided,,,Agree,,,Disagree,,,Strongly agree,,,Agree,,,Agree,,,Strongly agree,,,35-44 years old,,,Doctorate degree,,,IT (Information Technology),,,,,,IT professional,,,,,
144,anonymous,,,,,Yes,,,,,,,Laptop;,,,,,Corporate assets,,,,,,,"Using 3rd party cloud solutions (e.g. G Cloud, Microsoft 365)",,,,,,,Yes,,,Document management;Real-time document co-authoring;Project/Workflow/Task management;Scheduling;Real-time chatting;Teleconferencing;,,,,,,,Agree,,,Strongly agree,,,Disagree,,,Agree,,,Undecided,,,Agree,,,Agree,,,35-44 years old,,,Doctorate degree,,,IT (Information Technology),,,,,,Manager,,,,,
145,anonymous,,,,,Yes,,,,,,,Laptop;,,,,,Corporate assets,,,,,,,No Access,,,,,,,No,,,,,,,,,,Disagree,,,Strongly disagree,,,Agree,,,Agree,,,Agree,,,Undecided,,,Agree,,,35-44 years old,,,Doctorate degree,,,IT (Information Technology),,,,,,Researcher,,,,,
146,anonymous,,,,,Yes,,,,,,,Laptop;,,,,,Corporate assets,,,,,,,Using VPN ,,,,,,,Yes,,,Document management;Real-time document co-authoring;Project/Workflow/Task management;Scheduling;Real-time chatting;Teleconferencing;,,,,,,,Disagree,,,Agree,,,Strongly agree,,,Strongly agree,,,Agree,,,Strongly agree,,,Strongly agree,,,25-34 years old,,,Master’s degree,,,Education & Research,,,,,,Researcher,,,,,
147,anonymous,,,,,Yes,,,,,,,Laptop;,,,,,Personal assets,,,,,,,Using VPN ,,,,,,,No,,,,,,,,,,Agree,,,Undecided,,,Disagree,,,Strongly agree,,,Strongly agree,,,Strongly agree,,,Strongly agree,,,45-54 years old,,,Master’s degree,,,Public Sector,,,,,,IT professional,,,,,
148,anonymous,,,,,Yes,,,,,,,Laptop;Smartphone;,,,,,Corporate assets,,,,,,,Using VPN ,,,,,,,Yes,,,Document management;Real-time document co-authoring;Project/Workflow/Task management;Scheduling;Real-time chatting;Teleconferencing;,,,,,,,Agree,,,Undecided,,,Agree,,,Agree,,,Strongly agree,,,Strongly agree,,,Strongly agree,,,35-44 years old,,,Bachelor’s degree,,,Education & Research,,,,,,IT professional,,,,,
149,anonymous,,,,,Yes,,,,,,,Laptop;,,,,,Personal assets,,,,,,,"Using 3rd party cloud solutions (e.g. G Cloud, Microsoft 365)",,,,,,,Yes,,,Document management;Real-time document co-authoring;Project/Workflow/Task management;Scheduling;Real-time chatting;Teleconferencing;,,,,,,,Undecided,,,Disagree,,,Disagree,,,Agree,,,Agree,,,Strongly agree,,,Strongly agree,,,35-44 years old,,,Bachelor’s degree,,,IT (Information Technology),,,,,,Manager,,,,,
150,anonymous,,,,,Yes,,,,,,,Laptop;,,,,,Corporate assets,,,,,,,Direct access,,,,,,,Yes,,,Real-time chatting;Teleconferencing;,,,,,,,Disagree,,,Undecided,,,Disagree,,,Agree,,,Agree,,,Agree,,,Agree,,,25-34 years old,,,Bachelor’s degree,,,IT (Information Technology),,,,,,IT professional,,,,,
151,anonymous,,,,,Yes,,,,,,,Laptop;,,,,,Corporate assets,,,,,,,Direct access,,,,,,,Yes,,,Document management;Real-time document co-authoring;Project/Workflow/Task management;Scheduling;Real-time chatting;Teleconferencing;,,,,,,,Disagree,,,Undecided,,,Strongly disagree,,,Strongly agree,,,Strongly agree,,,Strongly agree,,,Strongly agree,,,25-34 years old,,,Master’s degree,,,IT (Information Technology),,,,,,IT professional,,,,,
152,anonymous,,,,,Yes,,,,,,,Laptop;,,,,,Corporate assets,,,,,,,Other,,,,,,,Yes,,,Document management;Real-time document co-authoring;Project/Workflow/Task management;Scheduling;Real-time chatting;Teleconferencing;,,,,,,,Strongly disagree,,,Undecided,,,Agree,,,Strongly agree,,,Strongly agree,,,Strongly agree,,,Strongly agree,,,35-44 years old,,,Doctorate degree,,,IT (Information Technology),,,,,,IT professional,,,,,
153,anonymous,,,,,No,,,,,,,Desktop;,,,,,Corporate assets,,,,,,,Other,,,,,,,Yes,,,Document management;Real-time document co-authoring;Project/Workflow/Task management;Scheduling;Real-time chatting;Teleconferencing;,,,,,,,Strongly disagree,,,Undecided,,,Strongly agree,,,Strongly agree,,,Strongly agree,,,Strongly agree,,,Strongly agree,,,45-54 years old,,,Master’s degree,,,EPES (Electrical Power & Energy Systems),,,,,,Researcher,,,,,
154,anonymous,,,,,No,,,,,,,Laptop;,,,,,Corporate assets,,,,,,,Other,,,,,,,Yes,,,Document management;Real-time document co-authoring;Project/Workflow/Task management;Scheduling;Real-time chatting;Teleconferencing;,,,,,,,Strongly disagree,,,Disagree,,,Strongly agree,,,Strongly agree,,,Strongly agree,,,Strongly agree,,,Strongly agree,,,35-44 years old,,,Master’s degree,,,EPES (Electrical Power & Energy Systems),,,,,,Researcher,,,,,
155,anonymous,,,,,No,,,,,,,Desktop;,,,,,Corporate assets,,,,,,,Other,,,,,,,Yes,,,Document management;Project/Workflow/Task management;Scheduling;Real-time chatting;Teleconferencing;,,,,,,,Disagree,,,Disagree,,,Strongly agree,,,Strongly agree,,,Strongly agree,,,Strongly agree,,,Strongly agree,,,35-44 years old,,,Master’s degree,,,IT (Information Technology),,,,,,Other,,,,,
156,anonymous,,,,,No,,,,,,,Laptop;,,,,,Corporate assets,,,,,,,Other,,,,,,,Yes,,,Document management;Project/Workflow/Task management;Scheduling;Real-time chatting;,,,,,,,Disagree,,,Undecided,,,Strongly agree,,,Strongly agree,,,Strongly agree,,,Strongly agree,,,Strongly agree,,,45-54 years old,,,Master’s degree,,,IT (Information Technology),,,,,,Other,,,,,
157,anonymous,,,,,No,,,,,,,Laptop;,,,,,Corporate assets,,,,,,,Other,,,,,,,Yes,,,Document management;Real-time document co-authoring;Project/Workflow/Task management;Scheduling;Real-time chatting;Teleconferencing;,,,,,,,Disagree,,,Strongly disagree,,,Strongly agree,,,Strongly agree,,,Strongly agree,,,Strongly agree,,,Strongly agree,,,45-54 years old,,,Doctorate degree,,,EPES (Electrical Power & Energy Systems),,,,,,Researcher,,,,,
158,anonymous,,,,,Yes,,,,,,,Laptop;Smartphone;,,,,,Corporate assets,,,,,,,"Using 3rd party cloud solutions (e.g. G Cloud, Microsoft 365)",,,,,,,Yes,,,Document management;Real-time document co-authoring;Project/Workflow/Task management;Scheduling;Real-time chatting;Teleconferencing;,,,,,,,Strongly agree,,,Agree,,,Agree,,,Agree,,,Undecided,,,Disagree,,,Agree,,,25-34 years old,,,Master’s degree,,,EPES (Electrical Power & Energy Systems),,,,,,Researcher,,,,,
159,anonymous,,,,,No,,,,,,,Laptop;Smartphone;,,,,,Corporate assets,,,,,,,Using VPN ,,,,,,,Yes,,,Scheduling;Real-time chatting;Teleconferencing;,,,,,,,Agree,,,Agree,,,Disagree,,,Agree,,,Undecided,,,Disagree,,,Agree,,,45-54 years old,,,Trade/technical/vocational training,,,EPES (Electrical Power & Energy Systems),,,,,,IT professional,,,,,
160,anonymous,,,,,No,,,,,,,Desktop;,,,,,Personal assets,,,,,,,Using VPN ,,,,,,,Yes,,,Scheduling;Real-time chatting;Teleconferencing;,,,,,,,Disagree,,,Disagree,,,Disagree,,,Strongly agree,,,Agree,,,Strongly agree,,,Undecided,,,55-64 years old,,,Trade/technical/vocational training,,,EPES (Electrical Power & Energy Systems),,,,,,IT professional,,,,,
161,anonymous,,,,,Yes,,,,,,,Laptop;,,,,,Corporate assets,,,,,,,Using VPN ,,,,,,,Yes,,,Real-time chatting;Teleconferencing;,,,,,,,Strongly disagree,,,Strongly disagree,,,Strongly disagree,,,Agree,,,Undecided,,,Agree,,,Undecided,,,45-54 years old,,,Doctorate degree,,,Education & Research,,,,,,Researcher,,,,,
162,anonymous,,,,,No,,,,,,,Laptop;Tablet;Smartphone;,,,,,Personal assets,,,,,,,Using VPN ,,,,,,,Yes,,,Scheduling;Real-time chatting;Teleconferencing;,,,,,,,Strongly agree,,,Agree,,,Agree,,,Disagree,,,Agree,,,Agree,,,Agree,,,45-54 years old,,,Trade/technical/vocational training,,,EPES (Electrical Power & Energy Systems),,,,,,Other,,,,,
163,anonymous,,,,,Yes,,,,,,,Laptop;Smartphone;,,,,,Corporate assets,,,,,,,Using VPN ,,,,,,,Yes,,,Scheduling;Real-time chatting;Teleconferencing;,,,,,,,Disagree,,,Disagree,,,Disagree,,,Strongly agree,,,Agree,,,Strongly agree,,,Agree,,,45-54 years old,,,Trade/technical/vocational training,,,EPES (Electrical Power & Energy Systems),,,,,,Manager,,,,,
164,anonymous,,,,,No,,,,,,,Laptop;,,,,,Personal assets,,,,,,,Using VPN ,,,,,,,Yes,,,Scheduling;Real-time chatting;Teleconferencing;,,,,,,,Agree,,,Agree,,,Agree,,,Agree,,,Strongly agree,,,Disagree,,,Disagree,,,45-54 years old,,,Associate degree,,,EPES (Electrical Power & Energy Systems),,,,,,Other,,,,,
165,anonymous,,,,,No,,,,,,,Laptop;,,,,,Personal assets,,,,,,,Using VPN ,,,,,,,No,,,,,,,,,,Strongly agree,,,Strongly agree,,,Agree,,,Agree,,,Undecided,,,Undecided,,,Agree,,,25-34 years old,,,Master’s degree,,,EPES (Electrical Power & Energy Systems),,,,,,Other,,,,,
166,anonymous,,,,,Yes,,,,,,,Laptop;,,,,,Corporate assets,,,,,,,"Using 3rd party cloud solutions (e.g. G Cloud, Microsoft 365)",,,,,,,No,,,,,,,,,,Disagree,,,Disagree,,,Undecided,,,Strongly agree,,,Strongly agree,,,Strongly agree,,,Strongly agree,,,25-34 years old,,,Master’s degree,,,IT (Information Technology),,,,,,IT professional,,,,,
167,anonymous,,,,,Yes,,,,,,,Desktop;Laptop;Tablet;Smartphone;,,,,,Corporate assets,,,,,,,Using VPN ,,,,,,,Yes,,,Document management;Real-time document co-authoring;Project/Workflow/Task management;Scheduling;Real-time chatting;Teleconferencing;,,,,,,,Disagree,,,Strongly disagree,,,Strongly disagree,,,Disagree,,,Undecided,,,Undecided,,,Strongly agree,,,45-54 years old,,,Master’s degree,,,Telecommunications,,,,,,Other,,,,,
168,anonymous,,,,,Yes,,,,,,,Laptop;,,,,,Corporate assets,,,,,,,"Using 3rd party cloud solutions (e.g. G Cloud, Microsoft 365)",,,,,,,Yes,,,Real-time document co-authoring;Project/Workflow/Task management;Scheduling;Real-time chatting;Teleconferencing;,,,,,,,Disagree,,,Undecided,,,Disagree,,,Strongly agree,,,Agree,,,Strongly agree,,,Agree,,,35-44 years old,,,Master’s degree,,,IT (Information Technology),,,,,,Manager,,,,,
169,anonymous,,,,,Yes,,,,,,,Laptop;Smartphone;,,,,,Personal assets,,,,,,,No Access,,,,,,,No,,,,,,,,,,Undecided,,,Undecided,,,Undecided,,,Agree,,,Agree,,,Strongly agree,,,Strongly agree,,,45-54 years old,,,Doctorate degree,,,Education & Research,,,,,,Researcher,,,,,
170,anonymous,,,,,No,,,,,,,Laptop;,,,,,Corporate assets,,,,,,,Using VPN ,,,,,,,Yes,,,Document management;Real-time chatting;Teleconferencing;,,,,,,,Undecided,,,Disagree,,,Strongly disagree,,,Agree,,,Agree,,,Undecided,,,Agree,,,35-44 years old,,,"High school graduate, diploma or the equivalent",,,Education & Research,,,,,,Researcher,,,,,
171,anonymous,,,,,Yes,,,,,,,Laptop;Smartphone;,,,,,Corporate assets,,,,,,,Using VPN ,,,,,,,Yes,,,Real-time chatting;Teleconferencing;,,,,,,,Undecided,,,Strongly agree,,,Agree,,,Strongly agree,,,Agree,,,Agree,,,Strongly agree,,,25-34 years old,,,Master’s degree,,,IT (Information Technology),,,,,,Security professional,,,,,
172,anonymous,,,,,No,,,,,,,Laptop;,,,,,Personal assets,,,,,,,Using VPN ,,,,,,,Yes,,,Real-time chatting;Teleconferencing;,,,,,,,Strongly agree,,,Strongly agree,,,Agree,,,Strongly agree,,,Strongly agree,,,Agree,,,Agree,,,45-54 years old,,,Doctorate degree,,,IT (Information Technology),,,,,,IT professional,,,,,
173,anonymous,,,,,Yes,,,,,,,Laptop;,,,,,Corporate assets,,,,,,,Other,,,,,,,No,,,,,,,,,,Agree,,,Undecided,,,Disagree,,,Strongly agree,,,Agree,,,Strongly agree,,,Agree,,,35-44 years old,,,Bachelor’s degree,,,Other,,,OT Solutions,,,Manager,,,,,
174,anonymous,,,,,No,,,,,,,Laptop;Tablet;Smartphone;,,,,,Corporate assets,,,,,,,Using VPN ,,,,,,,Yes,,,Document management;Real-time chatting;Teleconferencing;,,,,,,,Disagree,,,Undecided,,,Disagree,,,Agree,,,Agree,,,Agree,,,Agree,,,35-44 years old,,,Master’s degree,,,EPES (Electrical Power & Energy Systems),,,,,,Other,,,,,
175,anonymous,,,,,Yes,,,,,,,Laptop;,,,,,Corporate assets,,,,,,,Using VPN ,,,,,,,Yes,,,Document management;Real-time document co-authoring;Scheduling;Real-time chatting;Teleconferencing;,,,,,,,Strongly agree,,,Strongly agree,,,Agree,,,Undecided,,,Undecided,,,Agree,,,Strongly agree,,,25-34 years old,,,Master’s degree,,,Education & Research,,,,,,Manager,,,,,
176,anonymous,,,,,Yes,,,,,,,Laptop;Smartphone;,,,,,Corporate assets,,,,,,,Using VPN ,,,,,,,No,,,,,,,,,,Undecided,,,Undecided,,,Disagree,,,Strongly agree,,,Agree,,,Strongly agree,,,Strongly agree,,,45-54 years old,,,Trade/technical/vocational training,,,EPES (Electrical Power & Energy Systems),,,,,,Other,,,,,
177,anonymous,,,,,No,,,,,,,Laptop;,,,,,Personal assets,,,,,,,No Access,,,,,,,No,,,,,,,,,,Undecided,,,Agree,,,Agree,,,Agree,,,Disagree,,,Agree,,,Undecided,,,35-44 years old,,,Master’s degree,,,Education & Research,,,,,,Researcher,,,,,
178,anonymous,,,,,Yes,,,,,,,Desktop;Laptop;Smartphone;,,,,,Personal assets,,,,,,,Using VPN ,,,,,,,No,,,,,,,,,,Agree,,,Undecided,,,Agree,,,Agree,,,Agree,,,Agree,,,Agree,,,45-54 years old,,,Master’s degree,,,Education & Research,,,,,,Researcher,,,,,
179,anonymous,,,,,Yes,,,,,,,Desktop;Laptop;Tablet;Smartphone;,,,,,Corporate assets,,,,,,,Using VPN ,,,,,,,Yes,,,Document management;Real-time document co-authoring;Project/Workflow/Task management;Scheduling;Real-time chatting;Teleconferencing;,,,,,,,Disagree,,,Undecided,,,Undecided,,,Strongly agree,,,Strongly agree,,,Strongly agree,,,Strongly agree,,,,,,,,,EPES (Electrical Power & Energy Systems),,,,,,Other,,,,,
180,anonymous,,,,,Yes,,,,,,,Laptop;,,,,,Personal assets,,,,,,,Using VPN ,,,,,,,Yes,,,Scheduling;Real-time chatting;Teleconferencing;,,,,,,,Disagree,,,Disagree,,,Disagree,,,Undecided,,,Undecided,,,Agree,,,Undecided,,,45-54 years old,,,Trade/technical/vocational training,,,EPES (Electrical Power & Energy Systems),,,,,,IT professional,,,,,
181,anonymous,,,,,Yes,,,,,,,Laptop;,,,,,Personal assets,,,,,,,Using VPN ,,,,,,,Yes,,,Scheduling;Real-time chatting;Teleconferencing;,,,,,,,Strongly agree,,,Strongly agree,,,Agree,,,Agree,,,Agree,,,Undecided,,,Agree,,,55-64 years old,,,Trade/technical/vocational training,,,EPES (Electrical Power & Energy Systems),,,,,,IT professional,,,,,
182,anonymous,,,,,Yes,,,,,,,Laptop;,,,,,Personal assets,,,,,,,Using VPN ,,,,,,,Yes,,,Scheduling;Real-time chatting;Teleconferencing;,,,,,,,Agree,,,Agree,,,Agree,,,Undecided,,,Undecided,,,Strongly agree,,,Agree,,,45-54 years old,,,Trade/technical/vocational training,,,EPES (Electrical Power & Energy Systems),,,,,,Manager,,,,,
183,anonymous,,,,,No,,,,,,,Laptop;,,,,,Corporate assets,,,,,,,Using VPN ,,,,,,,No,,,,,,,,,,Agree,,,Agree,,,Agree,,,Agree,,,Strongly agree,,,Strongly agree,,,Strongly agree,,,55-64 years old,,,"High school graduate, diploma or the equivalent",,,EPES (Electrical Power & Energy Systems),,,,,,IT professional,,,,,
184,anonymous,,,,,No,,,,,,,Smartphone;,,,,,Personal assets,,,,,,,"Using 3rd party cloud solutions (e.g. G Cloud, Microsoft 365)",,,,,,,No,,,,,,,,,,Strongly agree,,,Strongly agree,,,Strongly agree,,,Agree,,,Agree,,,Strongly agree,,,Strongly agree,,,45-54 years old,,,"High school graduate, diploma or the equivalent",,,EPES (Electrical Power & Energy Systems),,,,,,Other,,,,,
185,anonymous,,,,,No,,,,,,,Laptop;Smartphone;,,,,,Personal assets,,,,,,,Using VPN ,,,,,,,No,,,,,,,,,,Strongly agree,,,Strongly agree,,,Disagree,,,Disagree,,,Disagree,,,Disagree,,,Agree,,,35-44 years old,,,Associate degree,,,EPES (Electrical Power & Energy Systems),,,,,,IT professional,,,,,
186,anonymous,,,,,Yes,,,,,,,Laptop;,,,,,Personal assets,,,,,,,Using VPN ,,,,,,,No,,,,,,,,,,Agree,,,Agree,,,Agree,,,Strongly agree,,,Agree,,,Strongly agree,,,Strongly agree,,,25-34 years old,,,Doctorate degree,,,EPES (Electrical Power & Energy Systems),,,,,,Manager,,,,,
187,anonymous,,,,,Yes,,,,,,,Laptop;,,,,,Corporate assets,,,,,,,Using VPN ,,,,,,,No,,,,,,,,,,Disagree,,,Disagree,,,Disagree,,,Agree,,,Agree,,,Agree,,,Agree,,,45-54 years old,,,"High school graduate, diploma or the equivalent",,,EPES (Electrical Power & Energy Systems),,,,,,Other,,,,,
188,anonymous,,,,,Yes,,,,,,,Laptop;Smartphone;,,,,,Corporate assets,,,,,,,Using VPN ,,,,,,,Yes,,,Document management;Real-time document co-authoring;Project/Workflow/Task management;Scheduling;Real-time chatting;Teleconferencing;,,,,,,,Agree,,,Undecided,,,Agree,,,Agree,,,Agree,,,Undecided,,,Strongly agree,,,25-34 years old,,,Master’s degree,,,Other,,,"Oil & Gas, Environmental Services,Waste Management",,,Manager,,,,,
189,anonymous,,,,,Yes,,,,,,,Laptop;,,,,,Corporate assets,,,,,,,Using VPN ,,,,,,,No,,,,,,,,,,Undecided,,,Undecided,,,Agree,,,Strongly agree,,,Agree,,,Strongly agree,,,Strongly agree,,,35-44 years old,,,Associate degree,,,Telecommunications,,,,,,Other,,,,,
190,anonymous,,,,,Yes,,,,,,,Laptop;Smartphone;,,,,,Personal assets,,,,,,,Using VPN ,,,,,,,Yes,,,Document management;Project/Workflow/Task management;Scheduling;Real-time chatting;Teleconferencing;,,,,,,,Undecided,,,Agree,,,Agree,,,Strongly agree,,,Strongly agree,,,Strongly agree,,,Strongly agree,,,35-44 years old,,,Master’s degree,,,Banking & Financial,,,,,,IT professional,,,During a crisis at the extent of the corona-crisis the most  important thing to understand is that technology offers tools in order most of the companies to be able to operate in a safe way for the employees and with minimum disruptions!!,,
191,anonymous,,,,,No,,,,,,,Laptop;,,,,,Personal assets,,,,,,,Using VPN ,,,,,,,Yes,,,Document management;Scheduling;Real-time chatting;Teleconferencing;,,,,,,,Undecided,,,Undecided,,,Strongly agree,,,Strongly agree,,,Strongly agree,,,Strongly agree,,,Strongly agree,,,25-34 years old,,,Professional degree,,,Banking & Financial,,,,,,Other,,,Excellent survey!!!,,
192,anonymous,,,,,Yes,,,,,,,Laptop;,,,,,Corporate assets,,,,,,,Direct access,,,,,,,No,,,,,,,,,,Undecided,,,Agree,,,Agree,,,Agree,,,Agree,,,Agree,,,Agree,,,35-44 years old,,,Bachelor’s degree,,,Other,,,Food,,,Manager,,,,,
193,anonymous,,,,,No,,,,,,,Laptop;Smartphone;,,,,,Corporate assets,,,,,,,Using VPN ,,,,,,,Yes,,,Real-time chatting;Teleconferencing;,,,,,,,Strongly agree,,,Disagree,,,Disagree,,,Strongly disagree,,,Agree,,,Undecided,,,Agree,,,35-44 years old,,,Master’s degree,,,Other,,,Manufacturing ,,,Manager,,,,,
194,anonymous,,,,,Yes,,,,,,,Laptop;Smartphone;,,,,,Corporate assets,,,,,,,Using VPN ,,,,,,,Yes,,,Real-time chatting;Teleconferencing;,,,,,,,Undecided,,,Undecided,,,Undecided,,,Disagree,,,Disagree,,,Disagree,,,Agree,,,35-44 years old,,,Master’s degree,,,Other,,,Data Centers,,,Other,,,,,
195,anonymous,,,,,No,,,,,,,Laptop;Smartphone;,,,,,Corporate assets,,,,,,,Using VPN ,,,,,,,No,,,,,,,,,,Disagree,,,Disagree,,,Agree,,,Agree,,,Strongly agree,,,Agree,,,Agree,,,35-44 years old,,,Master’s degree,,,EPES (Electrical Power & Energy Systems),,,,,,Manager,,,,,
196,anonymous,,,,,Yes,,,,,,,Laptop;,,,,,Corporate assets,,,,,,,Other,,,,,,,Yes,,,Document management;Real-time document co-authoring;Scheduling;Real-time chatting;Teleconferencing;,,,,,,,Undecided,,,Undecided,,,Disagree,,,Agree,,,Agree,,,Agree,,,Undecided,,,35-44 years old,,,Doctorate degree,,,Education & Research,,,,,,Manager,,,,,
197,anonymous,,,,,Yes,,,,,,,Laptop;,,,,,Personal assets,,,,,,,"Using 3rd party cloud solutions (e.g. G Cloud, Microsoft 365)",,,,,,,Yes,,,Document management;Real-time document co-authoring;Project/Workflow/Task management;Teleconferencing;,,,,,,,Strongly agree,,,Agree,,,Agree,,,Strongly agree,,,Agree,,,Agree,,,Agree,,,35-44 years old,,,Doctorate degree,,,Education & Research,,,,,,Researcher,,,,,
198,anonymous,,,,,Yes,,,,,,,Laptop;,,,,,Corporate assets,,,,,,,Using VPN ,,,,,,,Yes,,,Document management;Project/Workflow/Task management;Scheduling;Real-time chatting;Teleconferencing;,,,,,,,Agree,,,Undecided,,,Strongly agree,,,Strongly agree,,,Strongly agree,,,Strongly disagree,,,Strongly agree,,,35-44 years old,,,Master’s degree,,,IT (Information Technology),,,,,,IT professional,,,,,
199,anonymous,,,,,Yes,,,,,,,Laptop;Smartphone;,,,,,Corporate assets,,,,,,,No Access,,,,,,,No,,,,,,,,,,Disagree,,,Disagree,,,Undecided,,,Agree,,,Agree,,,Agree,,,Agree,,,35-44 years old,,,Doctorate degree,,,Education & Research,,,,,,Researcher,,,,,
200,anonymous,,,,,Yes,,,,,,,Laptop;Smartphone;,,,,,Personal assets,,,,,,,Direct access,,,,,,,No,,,,,,,,,,Strongly agree,,,Strongly agree,,,Strongly disagree,,,Strongly disagree,,,Strongly disagree,,,Disagree,,,Strongly agree,,,25-34 years old,,,Doctorate degree,,,Health,,,,,,Researcher,,,,,
201,anonymous,,,,,Yes,,,,,,,Laptop;,,,,,Corporate assets,,,,,,,Using VPN ,,,,,,,Yes,,,Document management;Real-time chatting;Teleconferencing;,,,,,,,Disagree,,,Disagree,,,Disagree,,,Undecided,,,Disagree,,,Undecided,,,Disagree,,,45-54 years old,,,Master’s degree,,,Telecommunications,,,,,,IT professional,,,,,
202,anonymous,,,,,No,,,,,,,Laptop;,,,,,Personal assets,,,,,,,Using VPN ,,,,,,,No,,,,,,,,,,Agree,,,Agree,,,Disagree,,,Strongly agree,,,Strongly agree,,,Strongly agree,,,Strongly agree,,,45-54 years old,,,Master’s degree,,,Telecommunications,,,,,,Other,,,,,
203,anonymous,,,,,Yes,,,,,,,Laptop;,,,,,Corporate assets,,,,,,,Using VPN ,,,,,,,Yes,,,Teleconferencing;,,,,,,,Undecided,,,Undecided,,,Disagree,,,Agree,,,Strongly agree,,,Agree,,,Undecided,,,45-54 years old,,,Master’s degree,,,Telecommunications,,,,,,Other,,,,,
204,anonymous,,,,,No,,,,,,,Laptop;Smartphone;,,,,,Corporate assets,,,,,,,Using VPN ,,,,,,,No,,,,,,,,,,Agree,,,Undecided,,,Agree,,,Undecided,,,Agree,,,Strongly agree,,,Agree,,,35-44 years old,,,Master’s degree,,,IT (Information Technology),,,,,,Manager,,,,,
205,anonymous,,,,,Yes,,,,,,,Laptop;,,,,,Corporate assets,,,,,,,Using VPN ,,,,,,,No,,,,,,,,,,Agree,,,Undecided,,,Agree,,,Agree,,,Agree,,,Agree,,,Agree,,,45-54 years old,,,Doctorate degree,,,IT (Information Technology),,,,,,IT professional,,,,,
206,anonymous,,,,,Yes,,,,,,,Laptop;,,,,,Corporate assets,,,,,,,Using VPN ,,,,,,,Yes,,,Document management;Real-time document co-authoring;Project/Workflow/Task management;Scheduling;Real-time chatting;Teleconferencing;,,,,,,,Strongly agree,,,Strongly agree,,,Strongly agree,,,Strongly agree,,,Strongly agree,,,Strongly agree,,,Strongly agree,,,35-44 years old,,,Master’s degree,,,Transport,,,,,,IT professional,,,,,
207,anonymous,,,,,No,,,,,,,Laptop;,,,,,Corporate assets,,,,,,,Using VPN ,,,,,,,Yes,,,Scheduling;Real-time chatting;Teleconferencing;,,,,,,,Undecided,,,Undecided,,,Undecided,,,Undecided,,,Undecided,,,Agree,,,Agree,,,35-44 years old,,,Master’s degree,,,Telecommunications,,,,,,Manager,,,,,
208,anonymous,,,,,Yes,,,,,,,Laptop;,,,,,Corporate assets,,,,,,,Using VPN ,,,,,,,Yes,,,Project/Workflow/Task management;Scheduling;Real-time chatting;Teleconferencing;,,,,,,,Agree,,,Agree,,,Agree,,,Agree,,,Agree,,,Strongly agree,,,Strongly agree,,,45-54 years old,,,Master’s degree,,,Telecommunications,,,,,,IT professional,,,,,
209,anonymous,,,,,Yes,,,,,,,Laptop;Smartphone;,,,,,Corporate assets,,,,,,,Using VPN ,,,,,,,Yes,,,Project/Workflow/Task management;Scheduling;Real-time chatting;Teleconferencing;,,,,,,,Strongly agree,,,Strongly agree,,,Strongly agree,,,Strongly agree,,,Agree,,,Agree,,,Strongly agree,,,45-54 years old,,,Professional degree,,,Telecommunications,,,,,,Security professional,,,,,
210,anonymous,,,,,No,,,,,,,Desktop;,,,,,Personal assets,,,,,,,Using VPN ,,,,,,,No,,,,,,,,,,Strongly disagree,,,Disagree,,,Disagree,,,Strongly agree,,,Strongly agree,,,Agree,,,Strongly agree,,,45-54 years old,,,Bachelor’s degree,,,EPES (Electrical Power & Energy Systems),,,,,,IT professional,,,,,
211,anonymous,,,,,No,,,,,,,Laptop;,,,,,Corporate assets,,,,,,,Using VPN ,,,,,,,Yes,,,Real-time chatting;Teleconferencing;,,,,,,,Disagree,,,Disagree,,,Agree,,,Agree,,,Agree,,,Agree,,,Agree,,,35-44 years old,,,Master’s degree,,,Telecommunications,,,,,,Other,,,,,
212,anonymous,,,,,No,,,,,,,Laptop;,,,,,Personal assets,,,,,,,Using VPN ,,,,,,,Yes,,,Real-time document co-authoring;Scheduling;,,,,,,,Agree,,,Agree,,,Strongly agree,,,Strongly agree,,,Disagree,,,Strongly agree,,,Agree,,,45-54 years old,,,Master’s degree,,,EPES (Electrical Power & Energy Systems),,,,,,Manager,,,,,
213,anonymous,,,,,No,,,,,,,Laptop;,,,,,Corporate assets,,,,,,,Using VPN ,,,,,,,No,,,,,,,,,,Agree,,,Undecided,,,Disagree,,,Undecided,,,Undecided,,,Undecided,,,Agree,,,45-54 years old,,,Master’s degree,,,Telecommunications,,,,,,IT professional,,,,,
214,anonymous,,,,,Yes,,,,,,,Laptop;,,,,,Personal assets,,,,,,,Other,,,,,,,No,,,,,,,,,,Undecided,,,Undecided,,,Agree,,,Strongly agree,,,Agree,,,Agree,,,Agree,,,35-44 years old,,,Doctorate degree,,,Education & Research,,,,,,Researcher,,,,,
215,anonymous,,,,,Yes,,,,,,,Laptop;,,,,,Corporate assets,,,,,,,Using VPN ,,,,,,,No,,,,,,,,,,Agree,,,Undecided,,,Undecided,,,Agree,,,Strongly agree,,,Strongly agree,,,Agree,,,25-34 years old,,,Doctorate degree,,,EPES (Electrical Power & Energy Systems),,,,,,Researcher,,,,,
216,anonymous,,,,,No,,,,,,,Laptop;,,,,,Corporate assets,,,,,,,Using VPN ,,,,,,,Yes,,,Document management;,,,,,,,Strongly disagree,,,Strongly disagree,,,Undecided,,,Agree,,,Disagree,,,Agree,,,Undecided,,,18-24 years old,,,Bachelor’s degree,,,Transport,,,,,,Other,,,,,
217,anonymous,,,,,Yes,,,,,,,Laptop;,,,,,Corporate assets,,,,,,,Using VPN ,,,,,,,Yes,,,Scheduling;Real-time chatting;Teleconferencing;,,,,,,,Agree,,,Agree,,,Strongly agree,,,Strongly agree,,,Strongly agree,,,Disagree,,,Agree,,,35-44 years old,,,"Some college credit, no degree",,,EPES (Electrical Power & Energy Systems),,,,,,IT professional,,,,,
218,anonymous,,,,,No,,,,,,,Laptop;,,,,,Personal assets,,,,,,,Using VPN ,,,,,,,Yes,,,Document management;Real-time document co-authoring;Project/Workflow/Task management;Teleconferencing;,,,,,,,Agree,,,Agree,,,Agree,,,Undecided,,,Agree,,,Agree,,,Undecided,,,55-64 years old,,,Bachelor’s degree,,,Transport,,,,,,Manager,,,,,
219,anonymous,,,,,Yes,,,,,,,Laptop;Smartphone;,,,,,Personal assets,,,,,,,Using VPN ,,,,,,,Yes,,,Document management;Real-time document co-authoring;Scheduling;Real-time chatting;Teleconferencing;,,,,,,,Disagree,,,Agree,,,Disagree,,,Agree,,,Agree,,,Agree,,,Agree,,,35-44 years old,,,Doctorate degree,,,Education & Research,,,,,,Researcher,,,,,
220,anonymous,,,,,Yes,,,,,,,Laptop;Smartphone;,,,,,Personal assets,,,,,,,No Access,,,,,,,No,,,,,,,,,,Disagree,,,Disagree,,,Disagree,,,Disagree,,,Strongly disagree,,,Strongly disagree,,,Disagree,,,25-34 years old,,,Professional degree,,,Public Sector,,,,,,Other,,,,,
221,anonymous,,,,,Yes,,,,,,,Laptop;Smartphone;,,,,,Corporate assets,,,,,,,Using VPN ,,,,,,,Yes,,,Document management;Real-time document co-authoring;Project/Workflow/Task management;,,,,,,,Undecided,,,Undecided,,,Undecided,,,Agree,,,Strongly agree,,,Undecided,,,Strongly agree,,,25-34 years old,,,Master’s degree,,,Other,,,Professional Services,,,Manager,,,,,
222,anonymous,,,,,Yes,,,,,,,Laptop;,,,,,Personal assets,,,,,,,Using VPN ,,,,,,,No,,,,,,,,,,Disagree,,,Disagree,,,Disagree,,,Agree,,,Undecided,,,Undecided,,,Agree,,,25-34 years old,,,Master’s degree,,,Education & Research,,,,,,Researcher,,,,,
223,anonymous,,,,,Yes,,,,,,,Laptop;,,,,,Personal assets,,,,,,,Using VPN ,,,,,,,Yes,,,Document management;Real-time document co-authoring;Real-time chatting;Teleconferencing;,,,,,,,Undecided,,,Disagree,,,Strongly disagree,,,Undecided,,,Disagree,,,Undecided,,,Disagree,,,45-54 years old,,,Doctorate degree,,,Public Sector,,,,,,Researcher,,,,,
224,anonymous,,,,,Yes,,,,,,,Laptop;Tablet;,,,,,Corporate assets,,,,,,,Using VPN ,,,,,,,No,,,,,,,,,,Agree,,,Disagree,,,Undecided,,,Strongly agree,,,Agree,,,Agree,,,Agree,,,35-44 years old,,,Professional degree,,,Other,,,Legal,,,Manager,,,,,
225,anonymous,,,,,Yes,,,,,,,Laptop;,,,,,Corporate assets,,,,,,,Using VPN ,,,,,,,Yes,,,Document management;Project/Workflow/Task management;Real-time chatting;Teleconferencing;,,,,,,,Undecided,,,Undecided,,,Agree,,,Agree,,,Agree,,,Agree,,,Agree,,,35-44 years old,,,Bachelor’s degree,,,EPES (Electrical Power & Energy Systems),,,,,,Other,,,-,,
226,anonymous,,,,,Yes,,,,,,,Laptop;,,,,,Personal assets,,,,,,,Using VPN ,,,,,,,No,,,,,,,,,,Strongly agree,,,Undecided,,,Agree,,,Strongly agree,,,Undecided,,,Agree,,,Strongly agree,,,25-34 years old,,,Master’s degree,,,Education & Research,,,,,,Researcher,,,,,
227,anonymous,,,,,Yes,,,,,,,Laptop;,,,,,Corporate assets,,,,,,,Using VPN ,,,,,,,Yes,,,Document management;Real-time document co-authoring;Project/Workflow/Task management;Scheduling;Real-time chatting;Teleconferencing;,,,,,,,Agree,,,Agree,,,Agree,,,Strongly agree,,,Agree,,,Agree,,,Agree,,,45-54 years old,,,Master’s degree,,,Telecommunications,,,,,,Manager,,,,,
228,anonymous,,,,,Yes,,,,,,,Laptop;Smartphone;,,,,,Corporate assets,,,,,,,Using VPN ,,,,,,,Yes,,,Document management;Project/Workflow/Task management;Real-time chatting;Teleconferencing;,,,,,,,Agree,,,Agree,,,Undecided,,,Agree,,,Agree,,,Agree,,,Undecided,,,35-44 years old,,,Master’s degree,,,Other,,,Energy,,,Other,,,"Adding questions, after arriving to the last one, is irritating.",,
229,anonymous,,,,,Yes,,,,,,,Laptop;Smartphone;,,,,,Personal assets,,,,,,,Using VPN ,,,,,,,Yes,,,Teleconferencing;,,,,,,,Undecided,,,Agree,,,Agree,,,Strongly agree,,,Strongly agree,,,Strongly agree,,,Agree,,,25-34 years old,,,Master’s degree,,,Education & Research,,,,,,Researcher,,,,,
230,anonymous,,,,,Yes,,,,,,,Desktop;Laptop;Tablet;Smartphone;,,,,,Personal assets,,,,,,,"Using 3rd party cloud solutions (e.g. G Cloud, Microsoft 365)",,,,,,,Yes,,,Real-time document co-authoring;Project/Workflow/Task management;Scheduling;Real-time chatting;Teleconferencing;,,,,,,,Disagree,,,Undecided,,,Strongly agree,,,Strongly agree,,,Strongly agree,,,Strongly agree,,,Strongly agree,,,45-54 years old,,,Master’s degree,,,Education & Research,,,,,,Manager,,,,,
231,anonymous,,,,,Yes,,,,,,,Laptop;,,,,,Corporate assets,,,,,,,"Using 3rd party cloud solutions (e.g. G Cloud, Microsoft 365)",,,,,,,Yes,,,Document management;Project/Workflow/Task management;Scheduling;Real-time chatting;Teleconferencing;,,,,,,,Agree,,,Agree,,,Undecided,,,Agree,,,Agree,,,Agree,,,Strongly agree,,,25-34 years old,,,Master’s degree,,,Other,,,Consulting,,,Other,,,,,
232,anonymous,,,,,No,,,,,,,Laptop;,,,,,Personal assets,,,,,,,Direct access,,,,,,,No,,,,,,,,,,Disagree,,,Disagree,,,Undecided,,,Agree,,,Agree,,,Strongly agree,,,Agree,,,35-44 years old,,,Doctorate degree,,,EPES (Electrical Power & Energy Systems),,,,,,Manager,,,,,
233,anonymous,,,,,Yes,,,,,,,Laptop;,,,,,Personal assets,,,,,,,"Using 3rd party cloud solutions (e.g. G Cloud, Microsoft 365)",,,,,,,Yes,,,Document management;Real-time chatting;Teleconferencing;Other;,,,,,,,Agree,,,Agree,,,Agree,,,Agree,,,Agree,,,Undecided,,,Agree,,,25-34 years old,,,Master’s degree,,,EPES (Electrical Power & Energy Systems),,,,,,Other,,,,,
234,anonymous,,,,,Yes,,,,,,,Desktop;Laptop;,,,,,Personal assets,,,,,,,Using VPN ,,,,,,,Yes,,,Document management;Real-time document co-authoring;Scheduling;Real-time chatting;Teleconferencing;,,,,,,,Undecided,,,Undecided,,,Disagree,,,Strongly agree,,,Strongly agree,,,Strongly agree,,,Strongly agree,,,25-34 years old,,,Master’s degree,,,Education & Research,,,,,,Researcher,,,,,
235,anonymous,,,,,Yes,,,,,,,Laptop;,,,,,Corporate assets,,,,,,,Direct access,,,,,,,Yes,,,Document management;Real-time document co-authoring;Project/Workflow/Task management;Scheduling;Real-time chatting;Teleconferencing;,,,,,,,Undecided,,,Undecided,,,Undecided,,,Strongly agree,,,Strongly agree,,,Strongly agree,,,Strongly agree,,,25-34 years old,,,Master’s degree,,,IT (Information Technology),,,,,,IT professional,,,N/A,,
236,anonymous,,,,,Yes,,,,,,,Laptop;,,,,,Corporate assets,,,,,,,Using VPN ,,,,,,,No,,,,,,,,,,Strongly agree,,,Agree,,,Agree,,,Agree,,,Disagree,,,Agree,,,Agree,,,35-44 years old,,,Master’s degree,,,IT (Information Technology),,,,,,Security professional,,,,,
237,anonymous,,,,,Yes,,,,,,,Desktop;Laptop;Smartphone;,,,,,Corporate assets,,,,,,,Using VPN ,,,,,,,Yes,,,Document management;Real-time chatting;Teleconferencing;,,,,,,,Agree,,,Agree,,,Undecided,,,Strongly agree,,,Agree,,,Strongly agree,,,Strongly agree,,,35-44 years old,,,Master’s degree,,,EPES (Electrical Power & Energy Systems),,,,,,Other,,,,,
238,anonymous,,,,,No,,,,,,,Laptop;,,,,,Personal assets,,,,,,,Using VPN ,,,,,,,No,,,,,,,,,,Agree,,,Undecided,,,Agree,,,Strongly agree,,,Strongly agree,,,Agree,,,Agree,,,25-34 years old,,,Master’s degree,,,EPES (Electrical Power & Energy Systems),,,,,,Researcher,,,,,
239,anonymous,,,,,No,,,,,,,Laptop;,,,,,Personal assets,,,,,,,Using VPN ,,,,,,,Yes,,,Document management;Real-time document co-authoring;Project/Workflow/Task management;Scheduling;Real-time chatting;Teleconferencing;,,,,,,,Agree,,,Undecided,,,Agree,,,Strongly agree,,,Strongly agree,,,Strongly agree,,,Strongly agree,,,35-44 years old,,,Master’s degree,,,EPES (Electrical Power & Energy Systems),,,,,,Other,,,,,
240,anonymous,,,,,No,,,,,,,Laptop;,,,,,Corporate assets,,,,,,,Direct access,,,,,,,Yes,,,Document management;Real-time chatting;,,,,,,,Agree,,,Agree,,,Undecided,,,Agree,,,Agree,,,Agree,,,Agree,,,35-44 years old,,,Master’s degree,,,Health,,,,,,Manager,,,,,
241,anonymous,,,,,Yes,,,,,,,Laptop;Smartphone;,,,,,Corporate assets,,,,,,,Using VPN ,,,,,,,Yes,,,Document management;Scheduling;Real-time chatting;Teleconferencing;,,,,,,,Agree,,,Undecided,,,Undecided,,,Undecided,,,Undecided,,,Agree,,,Agree,,,25-34 years old,,,Bachelor’s degree,,,Health,,,,,,Manager,,,,,
242,anonymous,,,,,No,,,,,,,Laptop;,,,,,Corporate assets,,,,,,,Using VPN ,,,,,,,No,,,,,,,,,,Disagree,,,Undecided,,,Disagree,,,Agree,,,Agree,,,Strongly agree,,,Strongly agree,,,25-34 years old,,,Doctorate degree,,,Health,,,,,,Manager,,,,,
243,anonymous,,,,,Yes,,,,,,,Laptop;,,,,,Corporate assets,,,,,,,Using VPN ,,,,,,,No,,,,,,,,,,Agree,,,Undecided,,,Disagree,,,Agree,,,Strongly agree,,,Agree,,,Agree,,,35-44 years old,,,Master’s degree,,,Health,,,,,,Manager,,,,,
244,anonymous,,,,,Yes,,,,,,,Desktop;Laptop;,,,,,Personal assets,,,,,,,Using VPN ,,,,,,,Yes,,,Teleconferencing;,,,,,,,Undecided,,,Undecided,,,Disagree,,,Strongly agree,,,Strongly agree,,,Strongly agree,,,Agree,,,45-54 years old,,,"High school graduate, diploma or the equivalent",,,Education & Research,,,,,,Researcher,,,,,
245,anonymous,,,,,Yes,,,,,,,Laptop;Smartphone;,,,,,Corporate assets,,,,,,,Using VPN ,,,,,,,Yes,,,Real-time document co-authoring;Real-time chatting;Teleconferencing;,,,,,,,Disagree,,,Strongly disagree,,,Disagree,,,Agree,,,Agree,,,Agree,,,Agree,,,35-44 years old,,,Doctorate degree,,,EPES (Electrical Power & Energy Systems),,,,,,Other,,,,,
246,anonymous,,,,,Yes,,,,,,,Desktop;,,,,,Corporate assets,,,,,,,Using VPN ,,,,,,,No,,,,,,,,,,Agree,,,Agree,,,Agree,,,Strongly agree,,,Agree,,,Strongly agree,,,Strongly agree,,,45-54 years old,,,Master’s degree,,,IT (Information Technology),,,,,,IT professional,,,,,
247,anonymous,,,,,No,,,,,,,Laptop;Smartphone;,,,,,Personal assets,,,,,,,"Using 3rd party cloud solutions (e.g. G Cloud, Microsoft 365)",,,,,,,Yes,,,Real-time document co-authoring;Teleconferencing;,,,,,,,Agree,,,Undecided,,,Strongly disagree,,,Agree,,,Strongly disagree,,,Strongly agree,,,Undecided,,,35-44 years old,,,Master’s degree,,,Education & Research,,,,,,Other,,,,,
248,anonymous,,,,,Yes,,,,,,,Laptop;Smartphone;,,,,,Personal assets,,,,,,,"Using 3rd party cloud solutions (e.g. G Cloud, Microsoft 365)",,,,,,,Yes,,,Document management;Real-time document co-authoring;Project/Workflow/Task management;Scheduling;Real-time chatting;Teleconferencing;,,,,,,,Agree,,,Agree,,,Agree,,,Agree,,,Agree,,,Agree,,,Agree,,,35-44 years old,,,"High school graduate, diploma or the equivalent",,,Education & Research,,,,,,Manager,,,,,
249,anonymous,,,,,Yes,,,,,,,Desktop;Laptop;Smartphone;,,,,,Corporate assets,,,,,,,Using VPN ,,,,,,,Yes,,,Teleconferencing;,,,,,,,Undecided,,,Disagree,,,Disagree,,,Agree,,,Strongly agree,,,Strongly agree,,,Agree,,,25-34 years old,,,Master’s degree,,,Education & Research,,,,,,IT professional,,,"Question #3 and #4 are problematic. I use company devices and private devices as well, but it's not possible to account for this constellation 
Question #8 also doesn't take into account that you can have a mixed infrastructure (as we have) consisting of Google Cloud Services and local network shares and web services. So I have to use a VPN and a Cloud provider, dependent on the task I have to achieve.",,
250,anonymous,,,,,Yes,,,,,,,Desktop;Laptop;Tablet;Smartphone;,,,,,Corporate assets,,,,,,,Using VPN ,,,,,,,Yes,,,Real-time chatting;Teleconferencing;,,,,,,,Undecided,,,Undecided,,,Agree,,,Agree,,,Agree,,,Agree,,,Agree,,,45-54 years old,,,Associate degree,,,IT (Information Technology),,,,,,IT professional,,,,,
251,anonymous,,,,,No,,,,,,,Laptop;,,,,,Corporate assets,,,,,,,Using VPN ,,,,,,,No,,,,,,,,,,Undecided,,,Agree,,,Agree,,,Agree,,,Agree,,,Undecided,,,Agree,,,35-44 years old,,,Master’s degree,,,IT (Information Technology),,,,,,IT professional,,,,,
252,anonymous,,,,,Yes,,,,,,,Desktop;Laptop;Tablet;Smartphone;,,,,,Personal assets,,,,,,,"Using 3rd party cloud solutions (e.g. G Cloud, Microsoft 365)",,,,,,,Yes,,,Document management;Real-time document co-authoring;Project/Workflow/Task management;Scheduling;Real-time chatting;Teleconferencing;,,,,,,,Undecided,,,Agree,,,Agree,,,Agree,,,Agree,,,Strongly agree,,,Strongly agree,,,35-44 years old,,,Bachelor’s degree,,,Education & Research,,,,,,IT professional,,,,,
253,anonymous,,,,,Yes,,,,,,,Laptop;Smartphone;,,,,,Personal assets,,,,,,,"Using 3rd party cloud solutions (e.g. G Cloud, Microsoft 365)",,,,,,,Yes,,,Project/Workflow/Task management;Real-time chatting;,,,,,,,Agree,,,Agree,,,Strongly agree,,,Agree,,,Agree,,,Strongly agree,,,Agree,,,18-24 years old,,,Bachelor’s degree,,,IT (Information Technology),,,,,,IT professional,,,,,
254,anonymous,,,,,Yes,,,,,,,Laptop;,,,,,Corporate assets,,,,,,,Direct access,,,,,,,Yes,,,Document management;Real-time document co-authoring;Real-time chatting;Teleconferencing;,,,,,,,Agree,,,Agree,,,Undecided,,,Strongly agree,,,Agree,,,Strongly agree,,,Strongly agree,,,35-44 years old,,,Doctorate degree,,,Education & Research,,,,,,Manager,,,,,
255,anonymous,,,,,No,,,,,,,Desktop;,,,,,Personal assets,,,,,,,Using VPN ,,,,,,,Yes,,,Teleconferencing;,,,,,,,Strongly agree,,,Agree,,,Agree,,,Strongly agree,,,Agree,,,Agree,,,Agree,,,35-44 years old,,,"Some college credit, no degree",,,Education & Research,,,,,,Other,,,,,
256,anonymous,,,,,Yes,,,,,,,Laptop;Smartphone;,,,,,Personal assets,,,,,,,"Using 3rd party cloud solutions (e.g. G Cloud, Microsoft 365)",,,,,,,Yes,,,Document management;Real-time document co-authoring;Project/Workflow/Task management;Scheduling;Real-time chatting;Teleconferencing;,,,,,,,Disagree,,,Disagree,,,Disagree,,,Strongly agree,,,Strongly agree,,,Strongly agree,,,Strongly agree,,,35-44 years old,,,Master’s degree,,,Education & Research,,,,,,Manager,,,,,
257,anonymous,,,,,Yes,,,,,,,Laptop;,,,,,Personal assets,,,,,,,Using VPN ,,,,,,,Yes,,,Scheduling;Real-time chatting;Teleconferencing;,,,,,,,Disagree,,,Disagree,,,Strongly disagree,,,Agree,,,Undecided,,,Undecided,,,Agree,,,25-34 years old,,,Master’s degree,,,Telecommunications,,,,,,Other,,,,,
258,anonymous,,,,,Yes,,,,,,,Laptop;,,,,,Personal assets,,,,,,,"Using 3rd party cloud solutions (e.g. G Cloud, Microsoft 365)",,,,,,,No,,,,,,,,,,Agree,,,Undecided,,,Undecided,,,Agree,,,Disagree,,,Agree,,,Undecided,,,25-34 years old,,,Master’s degree,,,Education & Research,,,,,,Researcher,,,,,
259,anonymous,,,,,Yes,,,,,,,Laptop;,,,,,Corporate assets,,,,,,,Using VPN ,,,,,,,No,,,,,,,,,,Strongly disagree,,,Strongly disagree,,,Agree,,,Undecided,,,Disagree,,,Undecided,,,Agree,,,55-64 years old,,,Master’s degree,,,Banking & Financial,,,,,,Manager,,,,,
260,anonymous,,,,,No,,,,,,,Desktop;Laptop;Tablet;Smartphone;,,,,,Personal assets,,,,,,,No Access,,,,,,,No,,,,,,,,,,Undecided,,,Disagree,,,Strongly disagree,,,Undecided,,,Disagree,,,Undecided,,,Disagree,,,65-74 years old,,,Doctorate degree,,,Banking & Financial,,,,,,Other,,,,,
261,anonymous,,,,,Yes,,,,,,,Laptop;,,,,,Corporate assets,,,,,,,Using VPN ,,,,,,,Yes,,,Document management;Real-time document co-authoring;Project/Workflow/Task management;Scheduling;Real-time chatting;Teleconferencing;,,,,,,,Strongly agree,,,Agree,,,Agree,,,Disagree,,,Agree,,,Agree,,,Undecided,,,45-54 years old,,,Master’s degree,,,Banking & Financial,,,,,,Manager,,,,,
262,anonymous,,,,,Yes,,,,,,,Desktop;Laptop;Tablet;Smartphone;,,,,,Corporate assets,,,,,,,"Using 3rd party cloud solutions (e.g. G Cloud, Microsoft 365)",,,,,,,No,,,,,,,,,,Undecided,,,Undecided,,,Agree,,,Undecided,,,Disagree,,,Undecided,,,Agree,,,75 years or older,,,Bachelor’s degree,,,Banking & Financial,,,,,,IT professional,,,,,
263,anonymous,,,,,Yes,,,,,,,Laptop;,,,,,Corporate assets,,,,,,,Direct access,,,,,,,No,,,,,,,,,,Strongly agree,,,Strongly agree,,,Strongly disagree,,,Agree,,,Strongly agree,,,Strongly agree,,,Strongly agree,,,55-64 years old,,,Master’s degree,,,Banking & Financial,,,,,,Manager,,,,,
264,anonymous,,,,,Yes,,,,,,,Desktop;Laptop;,,,,,Personal assets,,,,,,,No Access,,,,,,,Yes,,,Document management;Teleconferencing;,,,,,,,Agree,,,Agree,,,Agree,,,Disagree,,,Strongly disagree,,,Strongly disagree,,,Strongly disagree,,,55-64 years old,,,Bachelor’s degree,,,Banking & Financial,,,,,,IT professional,,,,,
265,anonymous,,,,,Yes,,,,,,,Desktop;Laptop;,,,,,Personal assets,,,,,,,Using VPN ,,,,,,,No,,,,,,,,,,Agree,,,Strongly agree,,,Agree,,,Agree,,,Agree,,,Agree,,,Strongly agree,,,35-44 years old,,,Doctorate degree,,,Other,,,Electronics,,,Other,,,,,
266,anonymous,,,,,No,,,,,,,Laptop;,,,,,Personal assets,,,,,,,Direct access,,,,,,,No,,,,,,,,,,Strongly agree,,,Disagree,,,Disagree,,,Strongly agree,,,Disagree,,,Strongly agree,,,Agree,,,25-34 years old,,,"High school graduate, diploma or the equivalent",,,Banking & Financial,,,,,,Other,,,,,
267,anonymous,,,,,Yes,,,,,,,Laptop;,,,,,Personal assets,,,,,,,No Access,,,,,,,No,,,,,,,,,,Strongly agree,,,Undecided,,,Undecided,,,Undecided,,,Disagree,,,Undecided,,,Strongly agree,,,25-34 years old,,,Master’s degree,,,Education & Research,,,,,,Other,,,,,
268,anonymous,,,,,Yes,,,,,,,Laptop;,,,,,Personal assets,,,,,,,No Access,,,,,,,No,,,,,,,,,,Disagree,,,Disagree,,,Disagree,,,Agree,,,Undecided,,,Agree,,,Disagree,,,45-54 years old,,,Master’s degree,,,Banking & Financial,,,,,,Manager,,,,,
